Evidence ID,Citation Label,Paper Title,Author Names,Publication Year,Publication Type,Publication Title,Pub Family,DOI,Paper Link,Study Type,Tools Evaluated,Research Questions Addressed,Evaluation Metrics,Key Findings,Main Benefits Reported,venue_tier,overall_score2
E001,Yujia Fu Peng Liang Amjed Tahir Zengyang Li Mojtaba Shahin Jiaxin Yu Jinfu Chen (2023) [E001],Security Weaknesses of Copilot-Generated Code in GitHub Projects: An Empirical Study,"Yujia Fu
Peng Liang
Amjed Tahir
Zengyang Li
Mojtaba Shahin
Jiaxin Yu
Jinfu Chen",2023.0,Journal Article,ACM Transactions on Software Engineering and Methodology,ACM,10.1145/3716848,https://scispace.com/paper/security-weaknesses-of-copilot-generated-code-in-github-3y71wds2hqfn,Observational Study,"GitHub Copilot, CodeWhisperer, Codeium, Copilot Chat","RQ5, RQ6","Security weaknesses, Likelihood of security weaknesses, Number of security issues, CWE categories, Fix rate of security issues","• High likelihood of security weaknesses in AI-generated code from GitHub projects.
• 29.5% of Python and 24.2% of JavaScript snippets affected across 43 CWE categories.
• Up to 55.5% of security issues can be fixed using Copilot Chat.",Ability to produce functional code,Top venue,138.2
E002,nan (2022) [E002],In-IDE Code Generation from Natural Language: Promise and Challenges,,2022.0,Journal Article,ACM Transactions on Software Engineering and Methodology,ACM,10.1145/3487569,https://scispace.com/paper/in-ide-code-generation-from-natural-language-promise-and-1s7u3sl3,Controlled Experiment,Not specified,"RQ1, RQ2, RQ5, RQ7","developer productivity, accuracy, developer experience, increased productivity, code quality, program correctness","• Qualitative developer experience surveys were largely positive.
• Quantitative results for productivity, code quality, or correctness were inconclusive.
• Analysis identified pain points and developer preferences for generation vs. retrieval.",Qualitative surveys of developer experience are largely positive,Top venue,135.4
E003,Dong Huang Jie M. Zhang Qingwen Bu Xiaofei Xie Junjie Chen Heming Cui (2025) [E003],Bias Testing and Mitigation in LLM-based Code Generation,"Dong Huang
Jie M. Zhang
Qingwen Bu
Xiaofei Xie
Junjie Chen
Heming Cui",2025.0,Journal Article,ACM Transactions on Software Engineering and Methodology,ACM,10.1145/3724117,https://scispace.com/paper/bias-testing-and-mitigation-in-llm-based-code-generation-r587fan1eflu,Other (specify): Empirical Study,"PALM-2-CodeChat-bison, Claude-instant-1, GPT-3.5-turbo, GPT-4-turbo, GPT-4","RQ5, RQ6","Ratio of code biases, biased behaviors towards gender","• Biases are prevalent in code generated by LLMs, with 13.47% to 49.10% showing gender bias.
• Direct prompt engineering has limited effectiveness in mitigating bias.
• Test execution feedback significantly reduces code biases (e.g., from 59.88% to 4.79% for GPT-4).",Not reported,Top venue,130.9
E004,Priyan Vaithilingam Tianyi Zhang Elena L. Glassman (2022) [E004],Expectation vs. experience: Evaluating the usability of code generation tools powered by large language models,"Priyan Vaithilingam
Tianyi Zhang
Elena L. Glassman",2022.0,Proceedings Article,CHI Conference on Human Factors in Computing Systems Extended Abstracts,ACM,10.1145/3491101.3519665,https://scispace.com/paper/expectation-vs-experience-evaluating-the-usability-of-code-3c2fciyq,Observational Study,Copilot,"RQ1, RQ4, RQ5, RQ6","Task completion time, Success rate, Understanding, Editing, Debugging, Task-solving effectiveness","*   Copilot did not improve task completion time or success rate.
*   Most participants preferred Copilot for its useful starting point and saving search effort.
*   Participants struggled with understanding, editing, and debugging Copilot-generated code.","Provided a useful starting point, Saved effort of searching online",Top venue,129.5
E005,Shuyin Ouyang Jie M. Zhang Mark Harman Meng Wang (2024) [E005],An empirical study of the non-determinism of chatgpt in code generation,"Shuyin Ouyang
Jie M. Zhang
Mark Harman
Meng Wang",2024.0,Journal Article,ACM Transactions on Software Engineering and Methodology,ACM,10.1145/3697010,https://scispace.com/paper/an-empirical-study-of-the-non-determinism-of-chatgpt-in-code-63bz99u6n4pg,Observational Study,ChatGPT,RQ5,"Semantic similarity, Syntactic similarity, Structural similarity, Correctness, Consistency","• ChatGPT shows high non-determinism in code generation under default settings.
• 75.76%, 51.00%, and 47.56% of tasks had zero equal test output.
• Setting temperature to 0 does not guarantee determinism, only reduces non-determinism.",Not reported,Top venue,127.9
E006,Jie Wu Fatemeh Fard (2025) [E006],A Survey on LLM-based Code Generation for Low-Resource and Domain-Specific Programming Languages,"Jie Wu
Fatemeh Fard",2025.0,Journal Article,ACM Transactions on Software Engineering and Methodology,ACM,10.1145/3770084,https://scispace.com/paper/a-survey-on-llm-based-code-generation-for-low-resource-and-yoqdp9cxqn97,Systematic Review,General LLMs,"RQ3, RQ5, RQ6, RQ7",Not specified.,"• LLM performance in LRPLs and DSLs is a critical challenge.
• Challenges include severe data scarcity and specialized syntax/semantics.
• A lack of standard approaches and benchmark datasets exists for LRPL/DSL evaluation.",Enhanced development efficiency in specialized domains and applications,Top venue,125.2
E007,Xinyi Hou Yanjie Zhao Yue Liu Zhou Yang Kailong Wang Li Li Xiapu Luo David Lo John Grundy Haoyu Wang (2024) [E007],Large Language Models for Software Engineering: A Systematic Literature Review,"Xinyi Hou
Yanjie Zhao
Yue Liu
Zhou Yang
Kailong Wang
Li Li
Xiapu Luo
David Lo
John Grundy
Haoyu Wang",2024.0,Journal Article,ACM Transactions on Software Engineering and Methodology,ACM,10.1145/3695988,https://scispace.com/paper/large-language-models-for-software-engineering-a-systematic-3aicge5kusmi,Systematic Review,Not specified,Not available in metadata.,Not specified,"*   The study is a systematic literature review analyzing 395 papers on LLMs in SE from 2017-2024.
*   It categorizes LLMs, analyzes data methods, optimizes performance, and identifies successful SE tasks.
*   The review discusses current state-of-the-art, trends, research gaps, and future study areas.","Optimized processes, Optimized outcomes, Success in specific SE tasks, Practical contributions to the field",Top venue,121.5
E008,Joel Becker Nate Rush Elizabeth Barnes David Rein (2025) [E008],Measuring the Impact of Early-2025 AI on Experienced Open-Source Developer Productivity,"Joel Becker
Nate Rush
Elizabeth Barnes
David Rein",2025.0,Journal Article,arXiv.org,arXiv,10.48550/arxiv.2507.09089,https://scispace.com/paper/measuring-the-impact-of-early-2025-ai-on-experienced-open-o2yurz1hz0t5,Controlled Experiment,"Cursor Pro, Claude 3.5/3.7 Sonnet","RQ1, RQ6",completion time,"• AI tools increased completion time by 19% for experienced open-source developers.
• This slowdown contradicted developer forecasts (24% shorter) and expert predictions (38-39% shorter).
• The slowdown effect was robust across analyses, suggesting it's not primarily an experimental artifact.",Not reported,Preprint,120.8
E009,Antonio Mastropaolo Luca Pascarella Emanuela Guglielmi Matteo Ciniselli Simone Scalabrino Rocco Oliveto Gabriele Bavota (2023) [E009],On the robustness of code generation techniques: An empirical study on github copilot,"Antonio Mastropaolo
Luca Pascarella
Emanuela Guglielmi
Matteo Ciniselli
Simone Scalabrino
Rocco Oliveto
Gabriele Bavota",2023.0,Proceedings Article,International Conference on Software Engineering,IEEE,10.1109/ICSE48619.2023.00181,https://scispace.com/paper/on-the-robustness-of-code-generation-techniques-an-empirical-15e9tihl,Other (Empirical Study),GitHub Copilot,"RQ5, RQ6","Same recommended function, Correctness of the generated code","*   Modifying natural language descriptions results in different code recommendations in ∼46% of cases.
*   Semantically equivalent descriptions might impact correctness of generated code (±28%).","Unprecedented ability to automatically generate entire functions, Usefulness is evident",Top venue,120.8
E010,Kohei Dozono Tiago Espinha Gasiba Andrea Stocco (2024) [E010],"Large Language Models for Secure Code Assessment: A Multi-Language
  Empirical Study","Kohei Dozono
Tiago Espinha Gasiba
Andrea Stocco",2024.0,Journal Article,,arXiv,10.48550/arxiv.2408.06428,https://scispace.com/paper/large-language-models-for-secure-code-assessment-a-multi-24rt2yfeyaem,Other (specify): Experimental Study and User Study,"GPT-3.5- Turbo, GPT-4 Turbo, GPT-4o, CodeLLama-7B, CodeLLama- 13B, Gemini 1.5 Pro","RQ1, RQ6","Vulnerability detection scores, CWE classification scores, Accuracy, Speed","• GPT-4o achieved the highest vulnerability detection and CWE classification scores.
• A library, CODEGUARDIAN, was developed for LLM-assisted real-time vulnerability analysis.
• Developers using CODEGUARDIAN were more accurate and faster at detecting vulnerabilities.","More accurate vulnerability detection, Faster vulnerability detection",Preprint,120.0
E011,Nathalia Nascimento Everton Guimarães Sai Sanjna Chintakunta Santhosh Anitha Boominathan (2024) [E011],"LLM4DS: Evaluating Large Language Models for Data Science Code
  Generation","Nathalia Nascimento
Everton Guimarães
Sai Sanjna Chintakunta
Santhosh Anitha Boominathan",2024.0,Journal Article,,arXiv,10.48550/arxiv.2411.11908,https://scispace.com/paper/llm4ds-evaluating-large-language-models-for-data-science-3m6x6s13dvsq,Controlled Experiment,"Microsoft Copilot (GPT-4 Turbo), ChatGPT (o1-preview), Claude (3.5 Sonnet), Perplexity Labs (Llama-3.1-70b-instruct)","RQ2, RQ3, RQ6","Success rate, Execution times","• All models exceeded a 50% baseline success rate.
• Only ChatGPT and Claude achieved success rates significantly above 60%, but none reached 70%.
• ChatGPT showed consistent performance; Claude's success fluctuated with task complexity.","Enhancing tasks such as data manipulation, statistical analysis, and visualization",Preprint,119.1
E012,Vincenzo Corso Leonardo Mariani Daniela Micucci Oliviero Riganelli (2024) [E012],Generating Java Methods: An Empirical Assessment of Four AI-Based Code Assistants,"Vincenzo Corso
Leonardo Mariani
Daniela Micucci
Oliviero Riganelli",2024.0,Journal Article,,ACM,10.1145/3643916.3644402,https://scispace.com/paper/generating-java-methods-an-empirical-assessment-of-four-ai-v7736h8z5f,Observational Study,"GitHub Copilot, Tabnine, ChatGPT, Google Bard","RQ2, RQ6","Accuracy, Effectiveness","• Copilot is often more accurate than other techniques.
• None of the assistants completely subsumes the others.
• Effectiveness dramatically decreases with dependencies outside single classes.","Facilitate code development, Speed up code development",Unclear,119.1
E013,Markus Borg Dave Hewett Nadim Hagatulah N. Couderc Emma Söderberg Donald Graham Uttam Kini Dave Farley (2025) [E013],Echoes of AI: Investigating the Downstream Effects of AI Assistants on Software Maintainability,"Markus Borg
Dave Hewett
Nadim Hagatulah
N. Couderc
Emma Söderberg
Donald Graham
Uttam Kini
Dave Farley",2025.0,Journal Article,arXiv.org,arXiv,10.48550/arxiv.2507.00788,https://scispace.com/paper/echoes-of-ai-investigating-the-downstream-effects-of-ai-xa70a96tco9c,Controlled Experiment,"GitHub Copilot, Cursor","RQ1, RQ2, RQ5, RQ6, RQ7","Speedup in subsequent evolution, CodeHealth, Task completion time, Mean speedup","• AI-assisted development led to a 30.7% median decrease in task completion time.
• It resulted in a modest speedup in subsequent evolution and slightly higher average CodeHealth.
• No warning signs of degraded code-level maintainability were observed.","Modest speedup in subsequent evolution, slightly higher average CodeHealth, 30.7% median decrease in task completion time, 55.9% mean speedup for habitual AI users, effectively accelerate development, no warning signs of degraded code-level maintainability",Preprint,118.8
E014,Nimisha Roy Oleksandr Horielko Olufisayo Omojokun (2025) [E014],Benchmarking of Generative AI Tools in Software Engineering Education: Formative Insights for Curriculum Integration,"Nimisha Roy
Oleksandr Horielko
Olufisayo Omojokun",2025.0,Journal Article,,ACM,10.1145/3702653.3744328,https://scispace.com/paper/benchmarking-of-generative-ai-tools-in-software-engineering-o5m4v6f3wj7x,Benchmarking,"Lucidchart, Mermaid.js, UIzard, GitHub Copilot, TabNine, Codeium, Supermaven, GPT-4, Claude 3.5 Sonnet, Testim, Mabl, Applitools, Replit, Postman, Visily, Gemini, Eraser.io","RQ5, RQ6","diagram accuracy, completeness, user effort, IDE integration, pattern-based code generation quality, code-completion effectiveness, refactoring robustness, UI/UX scaffolding, error-detection accuracy, hallucination rates, clarity of explanatory feedback, test-case relevance, defect-detection coverage, prompt engineering complexity","• Gen-AI tools show speed-fidelity trade-offs across SE phases.
• Code-completion accelerates boilerplate but needs manual oversight.
• LLM debuggers offer context-sensitive fixes but have hallucination rates.
• Human effort, averaging 2.4 prompts for diagrams and 1.5 for bug fixes, guides AI.","Automating tasks, Streamline code generation, Architectural modeling, Debugging, Test-case creation, Accelerate boilerplate generation, Produce precise UML models with minimal effort, Deliver context-sensitive fixes",Unclear,118.5
E015,Md. Istiak Hossain Shihab Christopher Hundhausen Ahsun Tariq Summit Haque Brian Mulanda (2025) [E015],"The Effects of GitHub Copilot on Computing Students' Programming Effectiveness, Efficiency, and Processes in Brownfield Programming Tasks","Md. Istiak Hossain Shihab
Christopher Hundhausen
Ahsun Tariq
Summit Haque
Brian Mulanda",2025.0,Journal Article,,ACM,10.1145/3702652.3744219,https://scispace.com/paper/the-effects-of-github-copilot-on-computing-students-fp9aavv8117i,"Controlled Experiment, Mixed Methods",GitHub Copilot,"RQ1, RQ4, RQ5, RQ6","Task completion time, Solution progress, Time manually writing code, Time conducting web searches","• Students completed tasks 34.9% faster and made 50.0% more solution progress with Copilot.
• Students spent 10.6% less time writing code and 11.6% less time web searching with Copilot.
• Students expressed concerns about not understanding Copilot suggestions.","Tasks completed 34.9% faster, 50.0% more solution progress, 10.6% less time manually writing code, 11.6% less time conducting web searches",Unclear,117.1
E016,Christian Rahe Walid Maalej (2025) [E016],How Do Programming Students Use Generative AI?,"Christian Rahe
Walid Maalej",2025.0,Journal Article,,ACM,10.1145/3715762,https://scispace.com/paper/how-do-programming-students-use-generative-ai-e2x4ifvoassy,Exploratory Experiment,ChatGPT,"RQ1, RQ5, RQ6",Not specified,"• Students often prompted Generative AI to generate full solutions, rather than for comprehension.
• Students got trapped in a cycle of submitting wrong generated code and asking the bot for fixes.
• Concerns about decreased programmer agency and productivity with Generative AI are justified.","Help understand learning material, Assist with exercises",Unclear,116.8
E017,Xuan He Dong Li Hao Wen Yueheng Zhu Chao Liu Meng Yan Hongyu Zhang (2025) [E017],CoSEFA: An LLM-Based Programming Assistant for Secure Code Generation via Supervised Co-Decoding,"Xuan He
Dong Li
Hao Wen
Yueheng Zhu
Chao Liu
Meng Yan
Hongyu Zhang",2025.0,Journal Article,,ACM,10.1145/3696630.3728609,https://scispace.com/paper/cosefa-an-llm-based-programming-assistant-for-secure-code-7kw8r2bau8if,Controlled Experiment,"CoSEFA, Copilot","RQ2, RQ4, RQ5, RQ6","Generation security, Functionality correctness, Usefulness for security-related programming tasks","• CoSEFA improved generation security by 9.34% and functionality correctness by 11.2%.
• Experienced developers rated CoSEFA more useful than Copilot for security tasks.
• CoSEFA addresses secure code generation and three types of code generation errors.","Improved generation security by 9.34%, improved functionality correctness by 11.2%, rated more useful than Copilot for security-related programming tasks",Unclear,116.0
E018,Wardah Saleem Selma Nazlıoğlu (2025) [E018],Prompting for Security: A Cross-Model Evaluation of Code Generation in LLMs,"Wardah Saleem
Selma Nazlıoğlu",2025.0,Journal Article,,IEEE,10.1109/ubmk67458.2025.11207030,https://scispace.com/paper/prompting-for-security-a-cross-model-evaluation-of-code-n1c58ueptjt7,Controlled Experiment,"GPT-4, Gemini, DeepSeek, LLaMA","RQ5, RQ6","Security outcomes, Common Weakness Enumeration (CWE) vulnerabilities, Vulnerability-free code, Deeper or more complex vulnerabilities","• RCI prompting significantly improves security outcomes across all LLM models.
• LLaMA generated over 15,800 lines of vulnerability-free code using RCI.
• Static analysis tools (Bandit, CodeQL) produced divergent results, with CodeQL exposing deeper vulnerabilities.","Significantly improves security outcomes, LLaMA produced over 15,800 lines of vulnerability-free code, Notable improvements under guided prompting, Offers practical insights into secure code generation""",Unclear,115.2
E019,Arto Hellas Juho Leinonen Sami Sarsa Charles Koutcheme Juha Sorva (2023) [E019],Exploring the Responses of Large Language Models to Beginner Programmers' Help Requests,"Arto Hellas
Juho Leinonen
Sami Sarsa
Charles Koutcheme
Juha Sorva",2023.0,Posted Content,arXiv.org,ACM,10.1145/3568813.3600139,https://scispace.com/paper/exploring-the-responses-of-large-language-models-to-beginner-11gj34ht,Observational Study,"OpenAI Codex, GPT-3.5","RQ2, RQ5, RQ6","Identifying issues, Finding all issues, False positives, Sensibility of advice, Performance on program logic issues, Performance on output formatting issues, Performance on non-English prompts","• GPT-3.5 outperforms Codex, finding at least one issue in 90% of cases.
• LLMs do not excel at finding all issues (GPT-3.5 at 57%) and have common false positives (40% for GPT-3.5).
• LLMs perform better on program logic than output formatting, highlighting unreliability and similar mistakes to students.","Utility of LLMs in programming education, LLMs frequently find at least one actual issue in each student program, Advice provided is often sensible, LLMs perform better on issues involving program logic",Unclear,114.9
E020,Wendy Mendes Santos Souza Cleidson R. B. de Souza (2024) [E020],"""You're on a bicycle with a little motor"": Benefits and Challenges of Using AI Code Assistants","Wendy Mendes
Santos Souza
Cleidson R. B. de Souza",2024.0,Journal Article,,ACM,10.1145/3641822.3641882,https://scispace.com/paper/you-re-on-a-bicycle-with-a-little-motor-benefits-and-3exuhofu3r,Observational Study,"Tabnine, GitHub CoPilot, ChatGPT","RQ4, RQ5",Not specified,"• Describes benefits and challenges of AI code assistants from developers' daily experiences.
• Presents strategies to address challenges encountered with AI code assistants.
• Based on 14 interviews with software developers.",Not available in metadata.,Unclear,114.0
E021,Vincenzo Corso Leonardo Mariani Daniela Micucci Oliviero Riganelli (2024) [E021],Assessing AI-Based Code Assistants in Method Generation Tasks,"Vincenzo Corso
Leonardo Mariani
Daniela Micucci
Oliviero Riganelli",2024.0,Journal Article,,ACM,10.1145/3639478.3643122,https://scispace.com/paper/assessing-ai-based-code-assistants-in-method-generation-2ltlyo2whs,Observational Study,"GitHub Copilot, Tabnine, ChatGPT, Google Bard","RQ2, RQ4, RQ5","Accurate code, Correct code, Efficient code","• Code assistants are useful and have complementary capabilities.
• They rarely generate ready-to-use correct code.","Enhanced productivity, improved code quality, useful, complementary capabilities",Unclear,113.9
E022,Jianian Gong Nachuan Duan Ziheng Tao Zhaohui Gong Yuan Yuan Minlie Huang (2024) [E022],"How Well Do Large Language Models Serve as End-to-End Secure Code
  Producers?","Jianian Gong
Nachuan Duan
Ziheng Tao
Zhaohui Gong
Yuan Yuan
Minlie Huang",2024.0,Journal Article,,arXiv,10.48550/arxiv.2408.10495,https://scispace.com/paper/how-well-do-large-language-models-serve-as-end-to-end-secure-7e75cs3d1yjz,Controlled Experiment,"GPT-3.5, GPT-4, Code Llama, CodeGeeX2","RQ5, RQ6","Vulnerabilities, Success rates of repair","• LLMs generate over 75% vulnerable code due to lack of security awareness.
• LLMs struggle to precisely identify vulnerabilities in their own generated code.
• An iterative repair tool significantly improves repair success rates to 65.9%~85.5%.",Not reported,Preprint,113.9
E023,nan (2025) [E023],Security Vulnerabilities in AI-Generated Code: A Large-Scale Analysis of Public GitHub Repositories,,2025.0,Journal Article,,arXiv,10.48550/arxiv.2510.26103,https://scispace.com/paper/security-vulnerabilities-in-ai-generated-code-a-large-scale-pernlnl0ilv9,Observational Study,"ChatGPT, GitHub Copilot, Amazon CodeWhisperer, Tabnine","RQ5, RQ6","Security vulnerabilities, CWE instances, vulnerability types, vulnerability rates, security density (LOC per CWE)","*   4,241 security vulnerabilities found in 7,703 AI-generated code files.
*   Python code shows higher vulnerability rates (16.18%-18.50%) than JavaScript and TypeScript.
*   AI tools are widely used for documentation generation (39% of files).",Not reported,Preprint,113.8
E024,Burak Yetistiren Eray Tüzün (2023) [E024],"Evaluating the Code Quality of AI-Assisted Code Generation Tools: An Empirical Study on GitHub Copilot, Amazon CodeWhisperer, and ChatGPT","Burak Yetistiren
Eray Tüzün",2023.0,Journal Article,arXiv.org,arXiv,10.48550/arXiv.2304.10778,https://scispace.com/paper/evaluating-the-code-quality-of-ai-assisted-code-generation-21vbb8wd,Observational Study,"GitHub Copilot, Amazon CodeWhisperer, ChatGPT","RQ2, RQ3, RQ6","Code Validity, Code Correctness, Code Security, Code Reliability, Code Maintainability, average technical debt (considering code smells)","*   ChatGPT generated correct code 65.2% of the time, outperforming GitHub Copilot (46.3%) and Amazon CodeWhisperer (31.1%).
*   Newer versions of GitHub Copilot and Amazon CodeWhisperer showed improvement rates of 18% and 7% respectively.
*   Amazon CodeWhisperer had the lowest average technical debt (5.6 minutes), followed by ChatGPT (8.9 minutes) and GitHub Copilot (9.1 minutes).",Ability to generate code from natural language prompts or partial code inputs,Preprint,113.1
E025,Tianyi Chen (2024) [E025],The Impact of AI-Pair Programmers on Code Quality and Developer Satisfaction: Evidence from TiMi studio,Tianyi Chen,2024.0,Journal Article,,ACM,10.1145/3665348.3665383,https://scispace.com/paper/the-impact-of-ai-pair-programmers-on-code-quality-and-4bl22xfu0j,Case Study,Not specified,"RQ1, RQ2, RQ4, RQ5, RQ6","Code quality, Developer satisfaction","• AI-pair programming positively impacts code quality and developer satisfaction.
• Benefits include time-saving, error-avoiding, skill-learning, and quality-improving.
• Challenges include reliability, explainability, trust, communication, autonomy, and motivation issues.","time-saving, error-avoiding, skill-learning, possibility-exploring, feedback-receiving, quality-improving",Unclear,112.5
E026,Mingjing Li Bhaskar Krishnamachari (2024) [E026],"Evaluating ChatGPT-3.5 Efficiency in Solving Coding Problems of
  Different Complexity Levels: An Empirical Analysis","Mingjing Li
Bhaskar Krishnamachari",2024.0,Journal Article,,arXiv,10.48550/arxiv.2411.07529,https://scispace.com/paper/evaluating-chatgpt-3-5-efficiency-in-solving-coding-problems-5iyoche2z1p7,Controlled Experiment,"ChatGPT, GPT-3.5-turbo, GPT-4",RQ6,"Problem solving success rate, Code correctness, Performance across difficulty levels, Performance with prompt engineering, Performance across programming languages","• ChatGPT-3.5 solves fewer problems as difficulty rises: 92% easy, 79% medium, 51% hard.
• Prompt engineering significantly improves performance, with greater gains on easier problems.
• ChatGPT performs better in popular languages (Python, Java, C++) than less common ones.","Revolutionize software development, automatically generating code from program specifications",Preprint,112.1
E027,He Hao Miller (2025) [E027],Speed at the Cost of Quality? The Impact of LLM Agent Assistance on Software Development,"He Hao
Miller, Courtney
Agarwal Shyam
Kästner, Christian
Vasilescu, Bogdan",2025.0,Journal Article,,arXiv,10.48550/arxiv.2511.04427,https://scispace.com/paper/speed-at-the-cost-of-quality-the-impact-of-llm-agent-fmrvxqp7x3jq,Observational Study,Cursor,"RQ1, RQ2, RQ6","development velocity, static analysis warnings, code complexity","• Cursor adoption causes a significant, transient increase in development velocity.
• It leads to a significant, persistent increase in static analysis warnings and code complexity.
• Increased warnings and complexity cause long-term velocity slowdown.","Significant, large, but transient increase in project-level development velocity",Preprint,112.0
E029,Jinrun Liu Xinyu Tang Linlin Li Panpan Chen Yepang Liu (2023) [E029],ChatGPT vs. Stack Overflow: An Exploratory Comparison of Programming Assistance Tools,"Jinrun Liu
Xinyu Tang
Linlin Li
Panpan Chen
Yepang Liu",2023.0,Proceedings Article,,IEEE,10.1109/qrs-c60940.2023.00105,https://scispace.com/paper/chatgpt-vs-stack-overflow-an-exploratory-comparison-of-3jywlnzo3m,Controlled Experiment,ChatGPT,"RQ1, RQ2, RQ6","Quality of code produced, Time taken to complete tasks, Task completion speed","• ChatGPT outperforms Stack Overflow in code quality for algorithmic and library tasks.
• Stack Overflow is better for debugging tasks regarding code quality.
• ChatGPT is faster for algorithmic challenges; similar speed for other tasks.","Efficient programming assistance, Personalized programming assistance, Outperforms Stack Overflow in algorithmic and library-related tasks (code quality), Faster than Stack Overflow in algorithmic challenges (task completion speed)",Unclear,111.9
E030,Saki Imai (2022) [E030],Is GitHub Copilot a Substitute for Human Pair-programming? An Empirical Study,Saki Imai,2022.0,Proceedings Article,,ACM,10.1145/3510454.3522684,https://scispace.com/paper/is-github-copilot-a-substitute-for-human-pair-programming-an-iyfo332g,Controlled Experiment,GitHub Copilot,"RQ1, RQ2, RQ6","Lines of code added, Lines of code removed","• Copilot increases productivity, measured by lines of code added.
• Code quality with Copilot is inferior due to more deleted lines.",Increased productivity,Unclear,111.9
E031,Naser Al Madi (2022) [E031],How Readable is Model-generated Code? Examining Readability and Visual Inspection of GitHub Copilot,Naser Al Madi,2022.0,Proceedings Article,,ACM,10.1145/3551349.3560438,https://scispace.com/paper/how-readable-is-model-generated-code-examining-readability-1gzauiz3,Controlled Experiment,GitHub Copilot,"RQ2, RQ5, RQ6","Readability, Visual inspection, Complexity","• Model-generated code is comparable in complexity and readability to human-written code.
• Programmers direct significantly less visual attention to model-generated code.
• Programmers should beware of complacency and automation bias with model-generated code.",Comparable complexity and readability to human-written code,Unclear,111.9
E028,James Finnie-Ansley Paul C. Denny Andrew Luxton-Reilly Eddie Antonio Santos James Prather Brett A. Becker (2023) [E028],My AI Wants to Know if This Will Be on the Exam: Testing OpenAI’s Codex on CS2 Programming Exercises,"James Finnie-Ansley
Paul C. Denny
Andrew Luxton-Reilly
Eddie Antonio Santos
James Prather
Brett A. Becker",2023.0,Proceedings Article,Australasian Computing Education Conference,ACM,10.1145/3576123.3576134,https://scispace.com/paper/my-ai-wants-to-know-if-this-will-be-on-the-exam-testing-3j31k4qh,Observational Study,"OpenAI Codex, GitHub Copilot",Not available in metadata.,"Performance on CS2 exam questions, comparison to student scores","• OpenAI Codex outscores most students on advanced CS2 exam questions.
• Codex performs considerably better than most students on typical CS1 exam questions.
• The paper details Codex's performance on data structures and algorithms exam questions.",Not available in metadata.,Unclear,111.9
E032,Abbas Sabra Olivier Schmitt Joseph Tyler (2025) [E032],Assessing the Quality and Security of AI-Generated Code: A Quantitative Analysis,"Abbas Sabra
Olivier Schmitt
Joseph Tyler",2025.0,Journal Article,arXiv.org,arXiv,10.48550/arxiv.2508.14727,https://scispace.com/paper/assessing-the-quality-and-security-of-ai-generated-code-a-bp5yqw3vovvm,Observational Study,"Claude Sonnet 4, Claude 3.7 Sonnet, GPT-4o, Llama 3.2 90B, OpenCoder 8B","RQ2, RQ5, RQ6","Code quality, Security, Bugs, Security vulnerabilities, Code smells, Hard-coded passwords, Path traversal vulnerabilities, Number of SonarQube issues, Functional performance (Pass@1 rate of unit tests)","• LLMs generate functional code but introduce defects, security vulnerabilities, and code smells.
• Critically severe issues like hard-coded passwords were observed across multiple models.
• No correlation found between functional performance and overall code quality/security.
• LLM-generated code requires verification to be production-ready.",LLMs can generate functional code,Preprint,111.8
E033,Mehmet Safa Gökalp Ayça Kolukısa (2025) [E033],ChatGPT Based Best Practices for Pair Programming,"Mehmet Safa Gökalp
Ayça Kolukısa",2025.0,Journal Article,,IEEE,10.1109/ubmk67458.2025.11206910,https://scispace.com/paper/chatgpt-based-best-practices-for-pair-programming-nnywnube7h9d,Case Study,ChatGPT,"RQ1, RQ2, RQ5, RQ6","Solution correctness, efficiency, error resolution, completion time","• ChatGPT can generate accurate code and reduce completion time for moderately complex tasks.
• Its effectiveness varies based on error nature and problem complexity.
• Limitations in handling complex logic remain underexplored.","Generate accurate code, Reduce completion time for moderately complex tasks",Unclear,111.8
E034,Jia Li Yuqi Zhu Yongmin Li Ge Li Zhi Jin (2024) [E034],Showing LLM-Generated Code Selectively Based on Confidence of LLMs,"Jia Li
Yuqi Zhu
Yongmin Li
Ge Li
Zhi Jin",2024.0,Journal Article,,arXiv,10.48550/arxiv.2410.03234,https://scispace.com/paper/showing-llm-generated-code-selectively-based-on-confidence-q0mhio57g2kb,Controlled Experiment,"DeepSeek-Coder, Code Llama","RQ1, RQ2, RQ4, RQ5, RQ6","AUROC, AUCPR, Number of erroneous programs shown to developers, Number of correct programs shown to developers, Time overhead","• HonestCoder accurately estimates LLM confidence, outperforming baselines by 27.79% AUROC and 63.74% AUCPR.
• It significantly reduces erroneous programs shown to developers, improving code quality.
• HonestCoder adds only slight time overhead (0.4 seconds per requirement), maintaining productivity.","Effectively estimates LLMs' confidence, accurately determines program correctness, decreases erroneous programs shown to developers, shows more correct programs, adds slight time overhead (approximately 0.4 seconds per requirement)",Preprint,111.6
E035,Umut Cihan Arda İçöz Vahid Haratian Eray Tüzün (2025) [E035],Evaluating Large Language Models for Code Review,"Umut Cihan
Arda İçöz
Vahid Haratian
Eray Tüzün",2025.0,Journal Article,,arXiv,10.48550/arxiv.2505.20206,https://scispace.com/paper/evaluating-large-language-models-for-code-review-st0ibjr4yy93,Controlled Experiment,"GPT4o, Gemini 2.0 Flash","RQ2, RQ5, RQ6","detecting code correctness, suggesting improvements, correctly classified code correctness, corrected the code","*   LLMs correctly classified code correctness 68.50% (GPT4o) and 63.89% (Gemini 2.0 Flash).
*   LLMs corrected code 67.83% (GPT4o) and 54.26% (Gemini 2.0 Flash) with problem descriptions.
*   LLM code reviews can help, but carry a risk of faulty outputs.","Suggest improvements, Assess correctness",Preprint,111.1
E036,Sayan Chatterjee Ching Louis Liu Gareth Rowland Tim Hogarth (2024) [E036],The Impact of AI Tool on Engineering at ANZ Bank An Emperical Study on GitHub Copilot within Coporate Environment,"Sayan Chatterjee
Ching Louis Liu
Gareth Rowland
Tim Hogarth",2024.0,Journal Article,arXiv.org,arXiv,10.48550/arxiv.2402.05636,https://scispace.com/paper/the-impact-of-ai-tool-on-engineering-at-anz-bank-an-4zq1l66pkq,Controlled Experiment,GitHub Copilot,"RQ1, RQ2, RQ5, RQ6","Productivity, Code quality, Security, Participant sentiment, Job satisfaction","*   GitHub Copilot notably boosted productivity and code quality.
*   Impact on code security remained inconclusive.
*   Early data indicated increased productivity and job satisfaction among engineers.","Notable boost in productivity, notable boost in code quality, significant increase in productivity, increased job satisfaction, overall positive participant responses",Preprint,111.1
E037,Markus Borg D.W. Hewett Donald R. Graham Noric Couderc Emma Söderberg Luke Church Dave Farley (2024) [E037],"Does Co-Development with AI Assistants Lead to More Maintainable Code? A
  Registered Report","Markus Borg
D.W. Hewett
Donald R. Graham
Noric Couderc
Emma Söderberg
Luke Church
Dave Farley",2024.0,Journal Article,,arXiv,10.48550/arxiv.2408.10758,https://scispace.com/paper/does-co-development-with-ai-assistants-lead-to-more-5qhm4fpmruz9,Controlled Experiment,GitHub Copilot,"RQ1, RQ2, RQ6","completion time, perceived productivity, code quality, test coverage","• This is a registered report outlining a study plan, not presenting findings.
• The study aims to examine AI assistants' influence on software maintainability.
• It will evaluate completion time, perceived productivity, code quality, and test coverage.",Not reported,Preprint,110.8
E038,Sangwon Hyun Hyunjun Kim Jinhyuk Jang Hyojin Choi M. A. Babar (2025) [E038],Experimental Analysis of Productive Interaction Strategy with ChatGPT: User Study on Function and Project-level Code Generation Tasks,"Sangwon Hyun
Hyunjun Kim
Jinhyuk Jang
Hyojin Choi
M. A. Babar",2025.0,Journal Article,arXiv.org,arXiv,10.48550/arxiv.2508.04125,https://scispace.com/paper/experimental-analysis-of-productive-interaction-strategy-osa8fnzztsn3,Controlled Experiment,"ChatGPT, GPT assistant","RQ1, RQ6, RQ7","Productivity in code generation, HLI features, runtime errors, logic errors","• Three out of 15 HLI features significantly impacted code generation productivity.
• Five primary guidelines were identified for enhancing HLI process productivity.
• A taxonomy of 29 runtime and logic errors with mitigation plans was developed.",Enhanced productivity in code generation,Preprint,110.6
E040,Viktoria Stray Astri Barbala Viggo Tellefsen Wivestad (2025) [E040],Human-AI Collaboration in Software Development: A Mixed-Methods Study of Developers’ Use of GitHub Copilot and ChatGPT,"Viktoria Stray
Astri Barbala
Viggo Tellefsen Wivestad",2025.0,Journal Article,,ACM,10.1145/3696630.3730566,https://scispace.com/paper/human-ai-collaboration-in-software-development-a-mixed-q7o3qtlrfj2d,Mixed Methods,"GitHub Copilot, ChatGPT","RQ1, RQ2, RQ4, RQ5, RQ6",Not specified,"• Compatibility within existing workflows is crucial for effective GenAI tool utilization.
• Individual, technological, and social factors influence GenAI tool adoption.
• Organizational support and collective user patterns are important for adoption.","Enhanced productivity, Code quality",Unclear,110.5
E039,Maximilian Schreiber Pascal Tippe (2025) [E039],Security Vulnerabilities in AI-Generated Code: A Large-Scale Analysis of Public GitHub Repositories,"Maximilian Schreiber
Pascal Tippe",2025.0,Journal Article,Lecture Notes in Computer Science,Springer,10.1007/978-981-95-3537-8_9,https://scispace.com/paper/security-vulnerabilities-in-ai-generated-code-a-large-scale-10vyp5gh8odz,Observational Study,"ChatGPT, GitHub Copilot, Amazon CodeWhisperer, Tabnine",RQ5,"Common Weakness Enumeration (CWE) instances, vulnerability types, vulnerability rates, security density (LOC per CWE)","• 4,241 security vulnerabilities (CWE instances) found in AI-generated code.
• Python code showed higher vulnerability rates than JavaScript and TypeScript.
• AI tools exhibited varying security performance across different programming languages.
• AI tools are widely used for documentation generation (39% of files).",Not reported,Unclear,110.5
E041,Kim Kwee Ng Liyana Fauzi Leon Leow J Ng (2024) [E041],"Harnessing the Potential of Gen-AI Coding Assistants in Public Sector
  Software Development","Kim Kwee Ng
Liyana Fauzi
Leon Leow
J Ng",2024.0,Journal Article,,arXiv,10.48550/arxiv.2409.17434,https://scispace.com/paper/harnessing-the-potential-of-gen-ai-coding-assistants-in-2bho3vks8rk7,Observational Study,"GitHub Copilot, Codeium, Code Llama","RQ1, RQ2, RQ4, RQ5","Productivity (coding / tasks speed), Application quality, Developer satisfaction, Efficiency gains, Coding times, Code quality","• AI Code Assistants boost public sector developer productivity (21-28% increase) and application quality.
• 95% consensus on increased developer satisfaction, especially for junior developers.
• Recommends an AI Framework, but cautions against over-reliance without foundational skills.","Increased productivity, improved application quality, accelerated development, quicker go-to-market, increased developer satisfaction, efficiency gains for junior developers, reduced coding times, enhanced job satisfaction, sharper focus on complex projects, faster learning, improved code quality",Preprint,110.4
E042,Venkatesan S Shukla (2025) [E042],The Hidden Risks of LLM-Generated Web Application Code: A Security-Centric Evaluation of Code Generation Capabilities in Large Language Models,"Venkatesan S
Shukla, Sandeep Kumar",2025.0,Journal Article,,arXiv,10.48550/arxiv.2504.20612,https://scispace.com/paper/the-hidden-risks-of-llm-generated-web-application-code-a-61tpw521uryw,Observational Study,"ChatGPT, DeepSeek, Claude, Gemini, Grok",RQ5,"Security compliance, Critical vulnerabilities (authentication mechanisms, session management, input validation, HTTP security headers)","*   LLM-generated code, despite productivity gains, has critical vulnerabilities.
*   Vulnerabilities include authentication, session management, input validation, and HTTP security.
*   No LLM fully aligns with industry best practices, requiring human expertise and security frameworks.","Minimized time and effort for coding, enhanced developer productivity",Preprint,110.2
E043,nan (2023) [E043],"Large Language Models and Simple, Stupid Bugs",,2023.0,Posted Content,,arXiv,10.48550/arxiv.2303.11455,https://scispace.com/paper/large-language-models-and-simple-stupid-bugs-e0dd9dbt,Observational Study,"Copilot, Codex","RQ2, RQ5","Generation of single statement bugs (SStuBs), Production of known, verbatim SStuBs, Production of known, verbatim correct code, Production of known, verbatim fixes","• Codex and similar LLMs help avoid some SStuBs.
• Codex produces known SStuBs up to 2x more likely than correct code.
• Avoidance strategies can reduce SStuB production and increase correct fixes.",Help avoid some SStuBs,Preprint,110.1
E044,Paul C. Denny Viraj Kumar Nasser Giacaman (2022) [E044],Conversing with Copilot: Exploring Prompt Engineering for Solving CS1 Problems Using Natural Language,"Paul C. Denny
Viraj Kumar
Nasser Giacaman",2022.0,Proceedings Article,Technical Symposium on Computer Science Education,ACM,10.1145/3545945.3569823,https://scispace.com/paper/conversing-with-copilot-exploring-prompt-engineering-for-1mual33q,Observational Study,"GitHub Copilot, OpenAI Codex",Not available in metadata.,"Problem-solving success, Successful problem solution","• Copilot solves about half of 166 problems on its first attempt.
• It solves 60% of remaining problems using natural language changes.
• Prompt engineering is a useful learning activity promoting computational thinking.","Successfully solves around half of problems on first attempt, solves 60% of remaining problems using natural language changes, potentially useful learning activity, promotes computational thinking skills, likely to change nature of code writing skill development",Unclear,109.9
E045,Gal Bakal Ali Dasdan Y. Katz Michael Kaufman G. V. Levin (2025) [E045],Experience with GitHub Copilot for Developer Productivity at Zoominfo,"Gal Bakal
Ali Dasdan
Y. Katz
Michael Kaufman
G. V. Levin",2025.0,Journal Article,,arXiv,10.48550/arxiv.2501.13282,https://scispace.com/paper/experience-with-github-copilot-for-developer-productivity-at-6sb5fdbgdo4n,Mixed Methods,GitHub Copilot,"RQ1, RQ3, RQ4, RQ5, RQ6","Acceptance rates of suggestions, acceptance rates of lines of code, developer satisfaction scores","• GitHub Copilot suggestions had an average acceptance rate of 33% and 20% for lines of code.
• Developer satisfaction scores were high at 72%.
• The study discusses language-specific performance variations, limitations, and lessons learned.","High developer satisfaction scores of 72%, 33% acceptance rate for suggestions, 20% acceptance rate for lines of code",Preprint,109.8
E046,Emir Bosnak Sahand Moslemi Mayasah Lami Anil Koyuncu (2025) [E046],Explicit Vulnerability Generation with LLMs: An Investigation Beyond Adversarial Attacks,"Emir Bosnak
Sahand Moslemi
Mayasah Lami
Anil Koyuncu",2025.0,Journal Article,arXiv.org,arXiv,10.48550/arxiv.2507.10054,https://scispace.com/paper/explicit-vulnerability-generation-with-llms-an-investigation-cdaeurve5ydt,Controlled Experiment,"Qwen2, Mistral, Gemma","RQ5, RQ6","Presence of vulnerabilities, Correctness of the generated vulnerability type, Vulnerability reproduction accuracy, Vulnerability rates, Correctness rates, Cyclomatic complexity""","*   All evaluated open-source LLMs frequently produce vulnerable code outputs.
*   User persona significantly impacts vulnerability rates, with student personas achieving higher rates.
*   The study exposes limitations of safety mechanisms in open-source models, even for educational requests.",Not reported,Preprint,109.8
E047,Wei Wang Hongli Ning Gaowei Zhang Libo Liu Yi Wang (2024) [E047],"Rocks Coding, Not Development: A Human-Centric, Experimental Evaluation of LLM-Supported SE Tasks","Wei Wang
Hongli Ning
Gaowei Zhang
Libo Liu
Yi Wang",2024.0,Journal Article,,ACM,10.1145/3643758,https://scispace.com/paper/rocks-coding-not-development-a-human-centric-experimental-47grqizeic,Controlled Experiment,ChatGPT,"RQ1, RQ6",Not specified,"• ChatGPT excels at solving simple coding problems.
• Its performance in typical software development tasks is not good.
• Novel interaction mechanisms are needed for effective LLM-developer collaboration.",ChatGPT performed well in solving simple coding problems.,Unclear,109.8
E048,Shuang Li Yuntao Cheng Jinfu Chen Jifeng Xuan Sen He Weiyi Shang (2024) [E048],Assessing the Performance of AI-Generated Code: A Case Study on GitHub Copilot,"Shuang Li
Yuntao Cheng
Jinfu Chen
Jifeng Xuan
Sen He
Weiyi Shang",2024.0,Journal Article,,IEEE,10.1109/issre62328.2024.00030,https://scispace.com/paper/assessing-the-performance-of-ai-generated-code-a-case-study-3py1f6975s66,Case Study,GitHub Copilot,"RQ2, RQ5, RQ6","Functional correctness, Performance regressions, Inefficient function calls, Inefficient looping, Inefficient algorithm, Inefficient use of language features","• AI-generated code is often functionally correct but frequently shows performance regressions compared to human-written code.
• Performance regressions are attributed to inefficient function calls, looping, algorithms, and language features.
• Meticulous prompt engineering can enhance the performance of AI-generated code.","Transforming code generation processes, numerous advantages for software development",Unclear,109.8
E049,nan (2023) [E049],"Exploring the Robustness of Large Language Models for Solving
  Programming Problems",,2023.0,Posted Content,,arXiv,10.48550/arxiv.2306.14583,https://scispace.com/paper/exploring-the-robustness-of-large-language-models-for-u7akqk6d,Controlled Experiment,"CodeGen, GPT-3.5 series models, InstructGPT, ChatGPT, Codex",RQ6,"Code generation performance, Solved rate","• CodeGen and Codex are sensitive to superficial modifications, impacting performance.
• Codex relies on variable names; randomized variables decrease solved rate.
• SOTA models (InstructGPT, ChatGPT) show higher robustness to modifications.","Highly capable of solving a wide range of programming problems, Outstanding capability for solving programming problems",Preprint,109.6
E050,Rabimba Karanjai Edward Li Lei Xu Weidong Shi (2023) [E050],Who is Smarter? An Empirical Study of AI-Based Smart Contract Creation,"Rabimba Karanjai
Edward Li
Lei Xu
Weidong Shi",2023.0,Journal Article,,IEEE,10.1109/brains59668.2023.10316829,https://scispace.com/paper/who-is-smarter-an-empirical-study-of-ai-based-smart-contract-57nn14o6e2,Other (specify): Experimental Study,"ChatGPT, Google Palm2","RQ2, RQ5, RQ6, RQ7","validity, correctness, efficiency, security bugs, quality","• Crucial evidence of security bugs introduced in generated smart contracts.
• Overall quality and correctness of generated code are impacted.
• Areas for improvement in AI-based smart contract creation were identified.",Not reported,Unclear,109.2
E051,Shin (2025) [E051],BloomAPR: A Bloom's Taxonomy-based Framework for Assessing the Capabilities of LLM-Powered APR Solutions,"Shin, Jiho
Ming Zhen
Jiang
Wang Song
Khomh, Foutse
Tan, Shin Hwei",2025.0,Journal Article,,arXiv,10.48550/arxiv.2509.25465,https://scispace.com/paper/bloomapr-a-bloom-s-taxonomy-based-framework-for-assessing-dozcndbskdmp,Case Study,"ChatRepair, CigaR, GPT-3.5-Turbo, Llama-3.1, StarCoder-2","RQ3, RQ5, RQ6, RQ7","Percentage of bugs fixed, Performance increase with synthetically generated bugs, Percentage of bugs fixed for minor syntactic changes, Percentage of bugs solved when injected into real-world projects","• Solutions show basic reasoning, fixing up to 81.57% at Remember layer.
• Performance increases with synthetic bugs (up to 60.66% at Understand layer).
• Solutions struggle with minor syntactic changes (43.32% at Apply layer) and real-world projects (13.46% to 41.34% at Analyze layer).",Not reported,Preprint,109.1
E052,Tristan Coignion Clément Quinton Romain Rouvoy (2024) [E052],A performance study of llm-generated code on leetcode,"Tristan Coignion
Clément Quinton
Romain Rouvoy",2024.0,Journal Article,,ACM,10.1145/3661167.3661221,https://scispace.com/paper/a-performance-study-of-llm-generated-code-on-leetcode-1cpci4fvyt,Observational Study,Not specified,"RQ2, RQ3, RQ5, RQ6","Efficiency, Performance, Model temperature, Success rate, Speed","• LLMs generate code with comparable performance across different models.
• LLM-generated code is, on average, more efficient than human-written code.
• The study discusses Leetcode as a benchmark, data contamination, and measurement reliability.","LLMs produce code with comparable performance to human-crafted solutions, LLM-generated code is, on average, more efficient than human-written code",Unclear,109.0
E054,Hussein Mozannar Valerie Chen Mohammed Alsobay Subhro Das Sebastian Zhao Dennis Wei Manish Nagireddy Prasanna Sattigeri Ameet Talwalkar David Sontag (2024) [E054],The RealHumanEval: Evaluating Large Language Models' Abilities to Support Programmers,"Hussein Mozannar
Valerie Chen
Mohammed Alsobay
Subhro Das
Sebastian Zhao
Dennis Wei
Manish Nagireddy
Prasanna Sattigeri
Ameet Talwalkar
David Sontag",2024.0,Journal Article,arXiv.org,arXiv,10.48550/arxiv.2404.02806,https://scispace.com/paper/the-realhumaneval-evaluating-large-language-models-abilities-6gfrbiiq9f,Controlled Experiment,General LLMs,"RQ1, RQ3, RQ6","Programmer productivity, time spent coding, static benchmarks, code acceptance rates, copy rates, programmer preferences, actual performance","• Improvements in static benchmark performance lead to increased programmer productivity.
• Gaps between benchmark and human performance are not proportional.
• Programmer preferences do not correlate with their actual performance.",increased programmer productivity,Preprint,108.9
E055,Chunqiu Steven Xia Yinlin Deng Stanley Dunn Lingming Zhang (2024) [E055],Agentless: Demystifying llm-based software engineering agents,"Chunqiu Steven Xia
Yinlin Deng
Stanley Dunn
Lingming Zhang",2024.0,Journal Article,,arXiv,10.48550/arxiv.2407.01489,https://scispace.com/paper/agentless-demystifying-llm-based-software-engineering-agents-zr61tx7byb,Controlled Experiment,Not specified,"RQ4, RQ5, RQ6","Performance, Cost","• Agentless, a simplistic approach, achieved the highest performance (27.33%) and lowest cost ($0.34) on SWE-bench Lite.
• It outperformed all existing open-source software agents, highlighting the potential of simple, interpretable techniques.
• The study identified problematic issues in SWE-bench Lite, leading to the creation of SWE-bench Lite-S for rigorous evaluation.","Highest performance (27.33%), lowest cost (\$0.34), simple, interpretable technique",Preprint,108.9
E053,Siddique (2025) [E053],Understanding Robustness of Model Editing in Code LLMs: An Empirical Study,"Siddique, A. B.
Farooq Umar",2025.0,Journal Article,,arXiv,10.48550/arxiv.2511.03182,https://scispace.com/paper/understanding-robustness-of-model-editing-in-code-llms-an-tatngo4ggxvz,Controlled Experiment,"CodeLlama, CodeQwen1.5, DeepSeek-Coder","RQ2, RQ5, RQ6","Reliability, Generalization, Specificity, Successful compilation, Partial test case pass, Full test pass, Syntactic validity, Functional correctness, Correct adoptions, Faulty adoptions","• Instant edits consistently degrade model performance, with syntactic validity dropping by up to 86 percentage points.
• Sequential edits further amplify degradation, sometimes causing model performance to collapse entirely.
• Correct adoptions of intended changes occurred in only about 6% of cases.",Not reported,Preprint,108.9
E056,Haque (2025) [E056],Comprehension-Performance Gap in GenAI-Assisted Brownfield Programming: A Replication and Extension,"Haque, Summit
Shihab, Md. Istiak Hossain",2025.0,Journal Article,,arXiv,10.48550/arxiv.2511.02922,https://scispace.com/paper/comprehension-performance-gap-in-genai-assisted-brownfield-nb0kvnq0goy9,Controlled Experiment,GitHub Copilot,"RQ1, RQ4, RQ6","Task time, Number of test cases passed, Comprehension scores","• Copilot significantly reduced task time and increased test cases passed.
• Comprehension scores did not differ, revealing a comprehension-performance gap.
• GenAI tools accelerate progress without improving codebase understanding.","Reduced task time, Increased number of test cases passed",Preprint,108.6
E057,Jenny T. Liang Chenyang Yang Brad A. Myers (2024) [E057],A Large-Scale Survey on the Usability of AI Programming Assistants: Successes and Challenges,"Jenny T. Liang
Chenyang Yang
Brad A. Myers",2024.0,Journal Article,,ACM,10.1145/3597503.3608128,https://scispace.com/paper/a-large-scale-survey-on-the-usability-of-ai-programming-4jqn2dwqqp,Survey,GitHub Copilot,"RQ4, RQ5, RQ6","Key-strokes reduced, Programming tasks finished quickly, Functional requirements, Non-functional requirements, Control over desired output","• Developers use AI assistants to reduce keystrokes, finish tasks quickly, and recall syntax.
• AI assistants are less effective for brainstorming solutions.
• Key challenges include not meeting functional/non-functional requirements and difficulty controlling output.","reduce key-strokes, finish programming tasks quickly, recall syntax",Unclear,108.6
E058,Tan Khang Le Saba Alimadadi Steven Y. Ko (2024) [E058],A Study of Vulnerability Repair in JavaScript Programs with Large Language Models,"Tan Khang Le
Saba Alimadadi
Steven Y. Ko",2024.0,Journal Article,,ACM,10.1145/3589335.3651463,https://scispace.com/paper/a-study-of-vulnerability-repair-in-javascript-programs-with-59m5kcwok1,Other (specify: Experimental Study),"ChatGPT, Bard","RQ2, RQ5","Accuracy, Correct patch, Correct bug fix","• LLMs show promise in automatic program repair for JavaScript code.
• Correct bug fixes often require appropriate context in the prompt.
• The study investigated LLM accuracy in finding and fixing JavaScript security vulnerabilities.","Potential for automatic code generation, Automatic bug fixing, Promising in automatic program repair of JavaScript code",Unclear,108.6
E059,Ningzhi Tang Meng Chen Ning Zheng Aakash Bansal Yu Huang Collin McMillan Toby Jia-Jun Li (2024) [E059],"A Study on Developer Behaviors for Validating and Repairing
  LLM-Generated Code Using Eye Tracking and IDE Actions","Ningzhi Tang
Meng Chen
Ning Zheng
Aakash Bansal
Yu Huang
Collin McMillan
Toby Jia-Jun Li",2024.0,Preprint,,arXiv,10.48550/arxiv.2405.16081,https://scispace.com/paper/a-study-on-developer-behaviors-for-validating-and-repairing-2u12pmjtcu,Controlled Experiment,GitHub Copilot,RQ6,"IDE interactions, eye-tracking, cognitive workload, performance, search efforts, Copilot usage","• Developers often fail to identify LLM-generated code without explicit information.
• Validation strategies are similar, but specific behaviors like frequent switching and rewriting occur.
• Provenance awareness improves performance, increases search efforts, Copilot usage, and cognitive workload.","Improved performance, increased search efforts, more frequent Copilot usage",Preprint,108.1
E060,Xin Tan Xiao Long Xianjun Ni Yinghao Zhu Jing Jiang Li Zhang (2024) [E060],How far are AI-powered programming assistants from meeting developers' needs?,"Xin Tan
Xiao Long
Xianjun Ni
Yinghao Zhu
Jing Jiang
Li Zhang",2024.0,Journal Article,arXiv.org,arXiv,10.48550/arxiv.2404.12000,https://scispace.com/paper/how-far-are-ai-powered-programming-assistants-from-meeting-hm02l5ln7l,Mixed Methods,GitHub Copilot,"RQ1, RQ2, RQ4, RQ5, RQ6","Task completion rates, Time, Code quality, Self-perceived productivity","• ACATs generally enhance task completion, reduce time, improve code quality, and increase self-perceived productivity.
• Effectiveness is influenced by task nature and user experience; experienced users may see increased completion time.
• Reasons for modifying recommended code include output format disparities, flawed logic, and inconsistent styles.","Enhanced task completion rates, Reduced time, Improved code quality, Increased self-perceived productivity",Preprint,108.1
E061,Domenico Cotroneo Cristina M. Improta Pietro Liguori (2025) [E061],"Human-Written vs. AI-Generated Code: A Large-Scale Study of Defects, Vulnerabilities, and Complexity","Domenico Cotroneo
Cristina M. Improta
Pietro Liguori",2025.0,Journal Article,arXiv.org,arXiv,10.48550/arxiv.2508.21634,https://scispace.com/paper/human-written-vs-ai-generated-code-a-large-scale-study-of-3i8dd753fvmp,Observational Study,"ChatGPT, DeepSeek-Coder, Qwen-Coder","RQ2, RQ5, RQ6","Code defects, Security vulnerabilities, Structural complexity","• AI-generated code is simpler, more repetitive, prone to unused constructs, and hardcoded debugging.
• AI-generated code contains more high-risk security vulnerabilities.
• Human-written code shows greater structural complexity and more maintainability issues.",Not reported,Preprint,108.0
E063,Sreeharsha Udayashankar Meiyappan Nagappan Samer Al-Kiswany (2023) [E063],Measuring the Runtime Performance of Code Produced with GitHub Copilot,"Sreeharsha Udayashankar
Meiyappan Nagappan
Samer Al-Kiswany",2023.0,Journal Article,arXiv.org,arXiv,10.48550/arXiv.2305.06439,https://scispace.com/paper/measuring-the-runtime-performance-of-code-produced-with-3pxgtndm,Controlled Experiment,GitHub Copilot,"RQ2, RQ6",Runtime performance,"• The study evaluated runtime performance of code produced with and without GitHub Copilot.
• Using Copilot may produce code with significantly slower runtime performance.
• A user study with 32 participants solved C++ problems with and without Copilot.",Not reported,Preprint,107.9
E064,Neil Perry Megha Srivastava Deepak Kumar Dan Boneh (2022) [E064],Do Users Write More Insecure Code with AI Assistants?,"Neil Perry
Megha Srivastava
Deepak Kumar
Dan Boneh",2022.0,Journal Article,arXiv.org,arXiv,10.48550/arXiv.2211.03622,https://scispace.com/paper/do-users-write-more-insecure-code-with-ai-assistants-u1hyen8s,Controlled Experiment,OpenAI’s codex-davinci-002 model,RQ5,"Code security, Security vulnerabilities, Belief in code security, Trust in AI, Language and interaction behavior","• AI assistant users wrote significantly less secure code.
• AI assistant users were more likely to believe their code was secure.
• Less trust in AI and more prompt engagement led to fewer vulnerabilities.",Not reported,Preprint,107.9
E062,Valerie Chen Ameet Talwalkar Robert Brennan Graham Neubig (2025) [E062],Code with Me or for Me? How Increasing AI Automation Transforms Developer Workflows,"Valerie Chen
Ameet Talwalkar
Robert Brennan
Graham Neubig",2025.0,Journal Article,arXiv.org,arXiv,10.48550/arxiv.2507.08149,https://scispace.com/paper/code-with-me-or-for-me-how-increasing-ai-automation-ofj44i3snkhz,Observational Study,"GitHub Copilot, OpenHands","RQ1, RQ4, RQ5","User productivity, User experience, Task completion, User effort","*   Agents can surpass copilots in task completion and reduce user effort.
*   Challenges for agent adoption include ensuring user understanding of agent behaviors.
*   Developer workflows change, and interactions with agents differ from copilots.","Surpassing copilots in task completion, completing tasks humans might not have accomplished, reducing user effort required to complete tasks",Preprint,107.9
E065,Justin D. Weisz Santhi Kumar Michael Müller Karen-Ellen Browne Arielle Goldberg Ellice Heintze S. P. Bajpai (2024) [E065],"Examining the Use and Impact of an AI Code Assistant on Developer
  Productivity and Experience in the Enterprise","Justin D. Weisz
Santhi Kumar
Michael Müller
Karen-Ellen Browne
Arielle Goldberg
Ellice Heintze
S. P. Bajpai",2024.0,Journal Article,,arXiv,10.48550/arxiv.2412.06603,https://scispace.com/paper/examining-the-use-and-impact-of-an-ai-code-assistant-on-h8zoxpuj7u3e,Mixed Methods,watsonx Code Assistant (WCA),"RQ1, RQ4, RQ5, RQ6","Productivity, Speed, Quality, Perceptions of productivity","• AI code assistants often provide net productivity increases, but not for all users.
• The study identified considerations regarding ownership and responsibility for generated code.
• Developers' expectations of speed and quality were examined.",Net productivity increases,Preprint,107.8
E066,Arthur Pilone (2025) [E066],Ensuring Code Integrity in the Era of AI-Assisted Software Development,Arthur Pilone,2025.0,Journal Article,,IEEE,10.1109/icsme64153.2025.00095,https://scispace.com/paper/ensuring-code-integrity-in-the-era-of-ai-assisted-software-obi5y0udzw1s,Mixed Methods,Not specified,"RQ2, RQ5, RQ6","Functional requirements, Non-functional requirements, Architectural cohesion, Comprehensibility of the source code","• AI-written code presents limitations: longer, more complex, worse performing, and more vulnerable.
• Impact of AI-written code on long-term maintenance and evolution is unclear.
• This project investigates AI-written code's impact on functional/non-functional requirements, architectural cohesion, and comprehensibility.",Productivity benefits,Unclear,107.6
E067,Nicholas Gardella Raymond Pettit Sara L. Riggs (2024) [E067],"Performance, Workload, Emotion, and Self-Efficacy of Novice Programmers Using AI Code Generation","Nicholas Gardella
Raymond Pettit
Sara L. Riggs",2024.0,Journal Article,,ACM,10.1145/3649217.3653615,https://scispace.com/paper/performance-workload-emotion-and-self-efficacy-of-novice-5ciyse1cee,Controlled Experiment,GitHub Copilot,"RQ1, RQ4, RQ6","Programming efficiency, Effort, Mental workload, Emotion, Self-efficacy, Performance","• AIDE increased programming efficiency, reduced effort and mental workload.
• AIDE did not significantly impact emotion or self-efficacy.
• Performance and self-efficacy improved with more AI experience.","Increased programming efficiency, Reduced effort, Reduced mental workload, Improved performance with experience, Increased self-efficacy with experience",Unclear,107.6
E068,Philipp Eibl Sadra Sabouri Souti Chattopadhyay (2025) [E068],Exploring the Challenges and Opportunities of AI-assisted Codebase Generation,"Philipp Eibl
Sadra Sabouri
Souti Chattopadhyay",2025.0,Journal Article,arXiv.org,arXiv,10.48550/arxiv.2508.07966,https://scispace.com/paper/exploring-the-challenges-and-opportunities-of-ai-assisted-utb0ekxg87mi,Mixed Methods,Not specified,"RQ2, RQ5, RQ6, RQ7","Satisfaction score, Functionality, Code quality, Communication issues","• Overall satisfaction with generated codebases was low (mean = 2.8, median = 3).
• Functionality (77%), poor code quality (42%), and communication issues (25%) caused dissatisfaction.
• Six challenges and five barriers to incorporating CBAs into workflows were identified.","Improved ability to process complex contexts, Generate entire codebases, Extend or adapt codebases, Allowing users to focus on higher-level design and deployment decisions",Preprint,107.5
E069,Andrei Sobo Abdul Mubarak Almas Baimagambetov Nikolaos Polatidis (2024) [E069],"Evaluating LLMs for code generation in HRI: A comparative study of ChatGPT, gemini, and claude","Andrei Sobo
Abdul Mubarak
Almas Baimagambetov
Nikolaos Polatidis",2024.0,Journal Article,Applied Artificial Intelligence,Other verified,10.1080/08839514.2024.2439610,https://scispace.com/paper/evaluating-llms-for-code-generation-in-hri-a-comparative-11fvspfuqr28,Controlled Experiment,"ChatGPT 3.5, Gemini 1.5 Pro, Claude 3.5 Sonnet","RQ2, RQ5, RQ6","Accurate code, Context-aware code, Success rate","• Claude 3.5 Sonnet achieved a 95% success rate, outperforming Gemini 1.5 Pro (60%) and ChatGPT 3.5 (20%).
• LLMs show rapid advancement but face challenges in spatial reasoning and constraint adherence.
• Promising applications exist for LLMs in robotics development, requiring human oversight and specialized training.",Promising applications for LLMs in robotics development and education,Unclear,107.5
E070,Shahin Honarvar Mark van der Wilk Alastair Donaldson (2023) [E070],Turbulence: Systematically and Automatically Testing Instruction-Tuned Large Language Models for Code,"Shahin Honarvar
Mark van der Wilk
Alastair Donaldson",2023.0,Journal Article,arXiv.org,arXiv,10.48550/arxiv.2312.14856,https://scispace.com/paper/turbulence-systematically-and-automatically-testing-2nomm8irmj,Other (specify): Systematic Evaluation with Experiments,"LLMs from OpenAI, Cohere, and Meta","RQ2, RQ6","Correctness, Robustness","• Turbulence reveals gaps in LLM reasoning ability for code generation.
• The method highlights robustness issues in LLMs.
• LLMs fail to generalize across similar programming questions, showing anomalies.",Not reported,Preprint,107.5
E071,Umut Cihan Vahid Haratian Arda İçöz Mert Kaan Gül Ömercan Devran Emircan Furkan Bayendur Baykal Mehmet Uçar Eray Tüzün (2024) [E071],Automated Code Review In Practice,"Umut Cihan
Vahid Haratian
Arda İçöz
Mert Kaan Gül
Ömercan Devran
Emircan Furkan Bayendur
Baykal Mehmet Uçar
Eray Tüzün",2024.0,Journal Article,,arXiv,10.48550/arxiv.2412.18531,https://scispace.com/paper/automated-code-review-in-practice-lcrhow7wsu4i,Mixed Methods,"Qodo, GitHub Copilot, Coderabbit, Qodo PR Agent","RQ1, RQ2, RQ4, RQ5, RQ6","Comment resolution rate, Average pull request closure duration, Code quality improvement, Bug detection, Awareness of code quality, Promotion of best practices, Faulty reviews, Unnecessary corrections, Irrelevant comments","• The LLM-based tool enhanced bug detection, code quality awareness, and best practices.
• It increased average pull request closure duration from 5h 52m to 8h 20m.
• Drawbacks included faulty reviews, unnecessary corrections, and irrelevant comments.","enhancing bug detection, increasing awareness of code quality, promoting best practices, minor improvement in code quality, useful in software development",Preprint,107.2
E072,Majeed Kazemitabaar Xinying Hou A. Henley Barb Ericson David Weintrop Tovi Grossman (2023) [E072],How novices use LLM-based code generators to solve CS1 coding tasks in a self-paced learning environment,"Majeed Kazemitabaar
Xinying Hou
A. Henley
Barb Ericson
David Weintrop
Tovi Grossman",2023.0,Journal Article,arXiv.org,arXiv,10.48550/arxiv.2309.14049,https://scispace.com/paper/how-novices-use-llm-based-code-generators-to-solve-cs1-1x6z2gd88o,Observational Study,OpenAI Codex,"RQ2, RQ5, RQ6","Correctness, Complexity, Accuracy, Post-test evaluation scores","• Hybrid coding approach showed positive trends with post-test scores.
• AI Single Prompt approach showed negative trends with post-test scores.
• Insights highlight over-reliance, self-regulation, and opportunities for enhancing AI-assisted learning.",Consistently positive trends between learners’ utilization of the Hybrid coding approach and their post-test evaluation scores,Preprint,107.2
E073,Agnia Sergeyuk Yaroslav Golubev Timofey Bryksin Iftekhar Ahmed (2024) [E073],"Using AI-Based Coding Assistants in Practice: State of Affairs,
  Perceptions, and Ways Forward","Agnia Sergeyuk
Yaroslav Golubev
Timofey Bryksin
Iftekhar Ahmed",2024.0,Preprint,,arXiv,10.48550/arxiv.2406.07765,https://scispace.com/paper/using-ai-based-coding-assistants-in-practice-state-of-12etruzdgo,Survey,Not specified,"RQ4, RQ5, RQ6, RQ7",Not specified,"• AI assistant usage varies by software development activity and stage.
• Developers delegate writing tests and natural-language artifacts most to AI.
• Fixable issues like lack of project context and awareness limit AI assistant use.","Currently using AI assistants to generate tests and test data, as well as generating comments and docstrings most of all.",Preprint,107.1
E074,nan (2023) [E074],Comparing Software Developers with ChatGPT: An Empirical Investigation,,2023.0,Posted Content,,arXiv,10.48550/arxiv.2305.11837,https://scispace.com/paper/comparing-software-developers-with-chatgpt-an-empirical-2vy5g2x4,Case Study,ChatGPT,"RQ1, RQ3, RQ5, RQ6","energy efficiency, vulnerability, fairness, safety","• Lack of empirical evidence on AI's impact on productivity or substitution of engineers.
• Non-functional requirements like energy efficiency, vulnerability, fairness, safety receive insufficient attention.
• The paper conducts an empirical investigation comparing software engineers and AI systems like ChatGPT.",Not reported,Preprint,107.1
E077,Muhammad Fawad Akbar Khan Max Ramsdell Erik Falor Hamid Karimi (2023) [E077],Assessing the Promise and Pitfalls of ChatGPT for Automated Code Generation,"Muhammad Fawad Akbar Khan
Max Ramsdell
Erik Falor
Hamid Karimi",2023.0,Journal Article,arXiv.org,arXiv,10.48550/arxiv.2311.02640,https://scispace.com/paper/assessing-the-promise-and-pitfalls-of-chatgpt-for-automated-4ntscyo8r9,Controlled Experiment,ChatGPT,"RQ2, RQ4, RQ5, RQ6","Correctness, comprehensibility, security, 14 established code quality metrics, accuracy","• ChatGPT excels in concise, efficient code with advanced constructs, showing 93.1% accuracy in data analysis.
• It struggles with visual-graphical challenges but shows modular design and superior error handling.
• Machine learning models distinguished ChatGPT from human code with up to 88% accuracy.","Crafting concise, efficient code with advanced constructs, strengths in data analysis tasks (93.1% accuracy), inclination towards modular design, superior error handling",Preprint,106.8
E076,R.P. Pandey Prabhat K. Singh Ran Wei S. Ravi Shankar (2024) [E076],"Transforming Software Development: Evaluating the Efficiency and
  Challenges of GitHub Copilot in Real-World Projects","R.P. Pandey
Prabhat K. Singh
Ran Wei
S. Ravi Shankar",2024.0,Preprint,,arXiv,10.48550/arxiv.2406.17910,https://scispace.com/paper/transforming-software-development-evaluating-the-efficiency-16g7z0rwui,Observational Study,GitHub Copilot,"RQ1, RQ4, RQ5","Efficiency gains, Time saved, Reductions in developer toil, Productivity improvements, Performance variations across programming languages, Code quality, Security, Developer experience","*   Significant time savings: up to 50% in documentation/autocompletion, 30-40% in repetitive coding/testing/debugging.
*   Projected 33-36% time reduction for coding-related tasks in a cloud-first SDLC.
*   Struggles with complex tasks, large functions, multiple files, proprietary contexts, especially C/C++ code.","Significant reductions in developer toil, up to 50% time saved in code documentation and autocompletion, 30-40% time saved in repetitive coding tasks, unit test generation, debugging, and pair programming, projected 33-36% time reduction for coding-related tasks",Preprint,106.8
E075,Akli (2025) [E075],"When Prompts Go Wrong: Evaluating Code Model Robustness to Ambiguous, Contradictory, and Incomplete Task Descriptions","Akli, Amal
Papadakis, Mike
Cordy, Maxime
Sarro, Federica
Traon Yves Le",2025.0,Journal Article,,arXiv,10.48550/arxiv.2507.20439,https://scispace.com/paper/when-prompts-go-wrong-evaluating-code-model-robustness-to-l1cf8vu0jaeg,Controlled Experiment,General LLMs,"RQ2, RQ5, RQ6","Functional correctness, failure modes, semantic error patterns, error types","• Minor imperfections in task descriptions cause significant performance degradation.
• Contradictory task descriptions lead to numerous logical errors.
• Larger models are more resilient but not immune to unclear requirements.",Not reported,Preprint,106.8
E078,Nam (2025) [E078],Prompting LLMs for Code Editing: Struggles and Remedies,"Nam, Daye
Omran, Ahmed
Frömmgen, Alexander
Hellendoorn, Vincent
Chandra Satish",2025.0,Journal Article,,arXiv,10.48550/arxiv.2504.20196,https://scispace.com/paper/prompting-llms-for-code-editing-struggles-and-remedies-dudm3a7sr5gq,Mixed Methods,"Transform Code, AutoPrompter","RQ5, RQ6, RQ7","re-prompting, edit correctness","• Frequent re-prompting indicates developer struggles with LLM-powered code editing.
• Five key categories of information are often missing from developer prompts.
• AutoPrompter, a tool inferring missing information, improved edit correctness by 27%.",Not reported,Preprint,106.6
E079,Rasmus Ingemann Tuffveson Jensen Vali Tawosi Salwa Alamir (2024) [E079],Software Vulnerability and Functionality Assessment using LLMs,"Rasmus Ingemann Tuffveson Jensen
Vali Tawosi
Salwa Alamir",2024.0,Journal Article,arXiv.org,arXiv,10.48550/arxiv.2403.08429,https://scispace.com/paper/software-vulnerability-and-functionality-assessment-using-4fbh77yeno,Other (specify: Experimental Evaluation),Not specified,"RQ2, RQ6","Security vulnerabilities, Software functionality validation, LLM-generated descriptions associated with true CWE vulnerabilities","• LLMs can effectively assist with code review tasks like flagging vulnerabilities and validating functionality.
• Proprietary OpenAI models significantly outperform smaller open-source LLMs in these tasks.
• Only 36.7% of LLM-generated vulnerability descriptions align with true CWE vulnerabilities.","Flagging code with security vulnerabilities, performing software functionality validation",Preprint,106.6
E080,Owura Asare Meiyappan Nagappan Nandhini Asokan (2023) [E080],A User-centered Security Evaluation of Copilot,"Owura Asare
Meiyappan Nagappan
Nandhini Asokan",2023.0,Journal Article,,ACM,10.1145/3597503.3639154,https://scispace.com/paper/a-user-centered-security-evaluation-of-copilot-kipn7uegc2,Controlled Experiment,GitHub's Copilot,"RQ5, RQ6","security performance, kinds of vulnerabilities","• Copilot access leads to more secure solutions for harder problems.
• No effect of Copilot access on security for easier problems was observed.
• No disproportionate impact of Copilot on specific vulnerability types.","Increased developer productivity, More secure solution when tackling harder problems, Potential security benefits",Unclear,106.6
E081,Hanno Kruse Tim Puhlfürß Walid Maalej (2024) [E081],"Can Developers Prompt? A Controlled Experiment for Code Documentation
  Generation","Hanno Kruse
Tim Puhlfürß
Walid Maalej",2024.0,Journal Article,,arXiv,10.48550/arxiv.2408.00686,https://scispace.com/paper/can-developers-prompt-a-controlled-experiment-for-code-kaq5hi2nc061,Controlled Experiment,"ChatGPT-like extension of Visual Studio Code, Large language models (LLMs)","RQ2, RQ6, RQ7","Readability, Conciseness, Helpfulness, Quality","• Developers struggled to effectively apply prompt engineering techniques.
• Ad-hoc prompts led to less readable, concise, and helpful documentation, especially for students.
• Participants viewed LLMs as tools for iterative refinement, not perfect output.","Automating tedious development tasks, flexibility of ad-hoc prompting appreciated by professionals",Preprint,106.5
E082,Yin (2025) [E082],A Comprehensive Empirical Evaluation of Agent Frameworks on Code-centric Software Engineering Tasks,"Yin, Zhuowen
Gao Cui-feng
Fan Chunsong
Yang Wen-zhang
Xue, Yinxing
Zhang, Lijun",2025.0,Journal Article,,arXiv,10.48550/arxiv.2511.00872,https://scispace.com/paper/a-comprehensive-empirical-evaluation-of-agent-frameworks-on-3jiplihzfufj,Observational Study,"AgentOrchestra, OpenHands, GPTswarm","RQ3, RQ6","effectiveness (task success), efficiency (execution process), overhead (token consumption)","• Agents achieve moderate overall performance in effectiveness.
• AgentOrchestra shows longest trajectories, OpenHands has stronger reflective reasoning.
• Software development has highest cost; GPTswarm is most cost-efficient.",Not reported,Preprint,106.4
E083,Ifiok Udoidiok Hassan Reza Jielun Zhang (2024) [E083],Exploring AI Integration in Software Development: Case Studies and Insights,"Ifiok Udoidiok
Hassan Reza
Jielun Zhang",2024.0,Journal Article,,IEEE,10.1109/naecon61878.2024.10670347,https://scispace.com/paper/exploring-ai-integration-in-software-development-case-4vb8039bj3n4,Case Study,"GitHub Copilot, Vercel's v0, Meta AI","RQ1, RQ4, RQ5","Automating tasks, Reducing human resource dependency, Enhancing developer productivity, Data quality, Model interpretability","*   AI tools (GitHub Copilot, Vercel's v0, Meta AI) automate tasks and reduce human resource dependency.
*   AI-driven tools significantly enhance developer productivity by automating repetitive tasks.
*   Challenges include data quality and model interpretability in AI integration.","Automating tasks, Reducing human resource dependency, Enhancing developer productivity, Automating repetitive and mundane tasks, Allowing developers to focus on more complex and creative aspects of software development",Unclear,106.2
E084,Thiago S. Vaillant Felipe Almeida Paulo Anselmo M. S. Neto Cuiyun Gao Jan Bosch Eduardo Santana de Almeida (2024) [E084],"Developers' Perceptions on the Impact of ChatGPT in Software
  Development: A Survey","Thiago S. Vaillant
Felipe Almeida
Paulo Anselmo M. S. Neto
Cuiyun Gao
Jan Bosch
Eduardo Santana de Almeida",2024.0,Preprint,,arXiv,10.48550/arxiv.2405.12195,https://scispace.com/paper/developers-perceptions-on-the-impact-of-chatgpt-in-software-49dkqj3b4d,Survey,ChatGPT,"RQ1, RQ2, RQ5","software quality, productivity, job satisfaction","• Surveyed 207 developers on ChatGPT's impact on software quality, productivity, and job satisfaction.
• Explored developers' expectations, job displacement concerns, and regulatory perspectives.",Not available in metadata.,Preprint,106.1
E085,Wang (2025) [E085],Will Your Next Pair Programming Partner Be Human? An Empirical Evaluation of Generative AI as a Collaborative Teammate in a Semester-Long Classroom Setting,"Wang, Yimeng
Sun, Yifan
Zhang, Yixuan",2025.0,Repository,,arXiv,10.48550/arxiv.2505.08119,https://scispace.com/paper/will-your-next-pair-programming-partner-be-human-an-brcwazpvhg0b,Mixed Methods,"GitHub Copilot, ChatGPT","RQ4, RQ5, RQ6","Assignment scores, Attitudes toward LLMs' programming capabilities, Perceived usefulness for completing assignments, Perceived usefulness for learning programming skills, Quality of collaboration","• Students in PAI achieved the highest assignment scores; SAI had the lowest.
• Attitudes toward LLMs' programming capabilities improved significantly after collaboration.
• Students viewed LLMs as valuable partners but noted limitations and different expectations.","Highest assignment scores, improved attitudes toward LLMs' programming capabilities, perceived usefulness for completing assignments and learning programming skills, appreciated as valuable pair programming partners",Preprint,106.0
E086,Ana-Maria Dincă Sabina-Daniela Axinte Gabriela TOD-RĂILEANU Ioan C. Bacivarov (2024) [E086],"AI Tools introduced in Software Development. Analysis of Code quality, Security and Productivity Implications","Ana-Maria Dincă
Sabina-Daniela Axinte
Gabriela TOD-RĂILEANU
Ioan C. Bacivarov",2024.0,Journal Article,,IEEE,10.1109/siitme63973.2024.10814830,https://scispace.com/paper/ai-tools-introduced-in-software-development-analysis-of-code-1tx65v5s15sn,Observational Study,Not specified,"RQ1, RQ2, RQ5","Code quality, Security, Productivity, Development time","• Analyzes AI tool quality, security, and productivity implications in software development.
• Examines strengths and weaknesses of AI-generated solutions across various tasks.
• Studies productivity impact, noting poor quality can increase development time.","Simplify repetitive tasks, Automate repetitive tasks",Unclear,106.0
E087,Baskhad Idrisov Tim Schlippe (2024) [E087],Program code generation with generative AIs,"Baskhad Idrisov
Tim Schlippe",2024.0,Journal Article,Algorithms,Other verified,10.3390/a17020062,https://scispace.com/paper/program-code-generation-with-generative-ais-110k8ejxoq,Controlled Experiment,"GitHub Copilot, CodeWhisperer, BingAI Chat, ChatGPT, Code Llama, StarCoder, InstructCodeT5+","RQ2, RQ3, RQ6","Correctness, Efficiency, Maintainability, Time complexity, Space complexity, Runtime, Memory usage, Lines of code, Cyclomatic complexity, Halstead complexity, Maintainability index","• GitHub Copilot performed best, solving 50.0% of problems; CodeWhisperer solved none.
• Overall, 20.6% of AI-generated codes were correct; 8.7% needed minimal fixes for time savings.
• ChatGPT uniquely solved a hard-difficulty problem despite a lower overall correctness rate.","Time savings between 8.9% and even 71.3% in comparison to programming from scratch, capability of providing a correct solution to a coding problem of difficulty level hard",Unclear,105.9
E090,Mircea-Serban Vasiliniuc Adrian Groza (2023) [E090],Case study: using AI-assisted code generation in mobile teams,"Mircea-Serban Vasiliniuc
Adrian Groza",2023.0,Journal Article,,IEEE,10.1109/iccp60212.2023.10398656,https://scispace.com/paper/case-study-using-ai-assisted-code-generation-in-mobile-teams-4t3vxh480n,Case Study,General LLMs,"RQ1, RQ2, RQ3, RQ6","time, correctness, technical integration (ReviewerScore)","• The study evaluates AI-assisted programming performance in mobile development teams.
• It focuses on the impact of AI-code generators during technical onboarding and stack switching.
• Measures include time, correctness, and 'technical integration' using ReviewerScore.",Not available in metadata.,Unclear,105.8
E089,Ningzhi Tang Meng Chen Ning Zheng Aakash Bansal Yu Huang Collin McMillan Toby Jia-Jun Li (2024) [E089],Developer Behaviors in Validating and Repairing LLM-Generated Code Using IDE and Eye Tracking,"Ningzhi Tang
Meng Chen
Ning Zheng
Aakash Bansal
Yu Huang
Collin McMillan
Toby Jia-Jun Li",2024.0,Journal Article,,IEEE,10.1109/vl/hcc60511.2024.00015,https://scispace.com/paper/developer-behaviors-in-validating-and-repairing-llm-66rf3n5ua10y,Controlled Experiment,GitHub Copilot,Not available in metadata.,"IDE interactions, Eye-tracking, Cognitive workload, Performance, Search efforts, Copilot usage","• Developers often fail to identify LLM origin without explicit information.
• Developers exhibit LLM-specific behaviors like frequent code/comment switching.
• Provenance awareness improves performance but increases search efforts and cognitive workload.","Improved performance, Increased search efforts, More frequent Copilot usage",Unclear,105.8
E088,Mohammed Latif Siddiq Lindsay Roney Jiahao Zhang Joanna C. S. Santos (2024) [E088],Quality Assessment of ChatGPT Generated Code and their Use by Developers,"Mohammed Latif Siddiq
Lindsay Roney
Jiahao Zhang
Joanna C. S. Santos",2024.0,Book,,ACM,10.1145/3643991.3645071,https://scispace.com/paper/quality-assessment-of-chatgpt-generated-code-and-their-use-2kiq5lj6dw,Observational Study,ChatGPT,"RQ2, RQ5","Undefined/unused variables, Improper documentation, Security issues (improper resources, exception management), Code merging, Code modification extent","• ChatGPT-generated code has quality issues: undefined/unused variables, improper documentation, and security flaws.
• ChatGPT-generated code is rarely merged and requires significant modification before merging.
• Developers use ChatGPT for all development stages and for learning new frameworks.","Used for every stage of software development, leveraged to learn about new frameworks and development kits",Unclear,105.8
E091,Md Sultanul Islam Ovi Najam Akber Anjum Tasmina Haque Bithe Mohammad Masudur Rahman Mst. Shahnaj Akter Smrity (2024) [E091],"Benchmarking ChatGPT, Codeium, and GitHub Copilot: A Comparative Study
  of AI-Driven Programming and Debugging Assistants","Md Sultanul Islam Ovi
Najam Akber Anjum
Tasmina Haque Bithe
Mohammad Masudur Rahman
Mst. Shahnaj Akter Smrity",2024.0,Journal Article,,arXiv,10.48550/arxiv.2409.19922,https://scispace.com/paper/benchmarking-chatgpt-codeium-and-github-copilot-a-3xdh28sizadi,Comparative Study,"ChatGPT, Codeium, GitHub Copilot","RQ3, RQ5","success rates, runtime efficiency, memory usage, error-handling capabilities","• GitHub Copilot excelled on easier and medium tasks.
• ChatGPT demonstrated superior memory efficiency and debugging.
• All tools struggled with harder problems; Codeium struggled with complex problems.","Valuable assistance in solving programming challenges, superior performance on easier and medium tasks (GitHub Copilot), excelled in memory efficiency and debugging (ChatGPT)",Preprint,104.8
E092,Vijayaraghavan Murali Chandra Maddila Imad Ahmad Michael Bolin Daniel Cheng Negar Ghorbani Renuka Fernandez Nachiappan Nagappan Peter C. Rigby (2024) [E092],"AI-Assisted Code Authoring at Scale: Fine-Tuning, Deploying, and Mixed Methods Evaluation","Vijayaraghavan Murali
Chandra Maddila
Imad Ahmad
Michael Bolin
Daniel Cheng
Negar Ghorbani
Renuka Fernandez
Nachiappan Nagappan
Peter C. Rigby",2024.0,Journal Article,,ACM,10.1145/3643774,https://scispace.com/paper/ai-assisted-code-authoring-at-scale-fine-tuning-deploying-58uzzey3u2,Mixed Methods,CodeCompose,"RQ1, RQ3, RQ4, RQ6","Accuracy (reproducing hidden lines), Percentage of code coming directly from CodeCompose, Positive feedback percentage, Themes from feedback (discovering APIs, dealing with boilerplate code, accelerating coding)","• CodeCompose reproduced hidden lines 40-58% of the time, improving 1.4× to 4.1× over public data models.
• 16K developers used CodeCompose, with 8% of their code coming directly from it.
• 91.5% of developer feedback was positive, highlighting API discovery, boilerplate, and accelerated coding.","Discovering APIs, dealing with boilerplate code, accelerating coding",Unclear,104.0
E093,Mohammad Amin Kuhail Sujith Samuel Mathew Ashraf Khalil Jose Berengueres Syed Manzoor Hussain Shah (2024) [E093],“Will I be replaced?” Assessing ChatGPT's effect on software development and programmer perceptions of AI tools,"Mohammad Amin Kuhail
Sujith Samuel Mathew
Ashraf Khalil
Jose Berengueres
Syed Manzoor Hussain Shah",2024.0,Journal Article,Science of Computer Programming,Elsevier,10.1016/j.scico.2024.103111,https://scispace.com/paper/will-i-be-replaced-assessing-chatgpt-s-effect-on-software-3d0mhmmx9t,Mixed Methods,"ChatGPT, ChatGPT 3.5","RQ1, RQ2, RQ4, RQ5, RQ6","Effectiveness in solving coding problems, Reliability for harder problems, Effectiveness at coding problems with higher popularity scores, Productivity by creating better-performing code, Productivity by creating shorter code, Productivity by creating more readable code, Misunderstanding requirements, Erroneous code generation, AI tool usage, Trust, Perceived productivity, Job security threats","• ChatGPT 3.5 is effective for easy/medium coding problems, but less reliable for harder ones.
• AI tools boost programmer productivity, creating better-performing, shorter, and more readable code.
• AI tools can misunderstand requirements and generate erroneous code.
• Programmers are apprehensive about future job security, despite not feeling replaced now.","Generating boilerplate code, explaining complex code, conducting research, becoming more productive, creating better-performing code, creating shorter code, creating more readable code",Unclear,104.0
E094,Dapeng Yan Zhipeng Gao Zhiming Liu (2023) [E094],A closer look at different difficulty levels code generation abilities of chatgpt,"Dapeng Yan
Zhipeng Gao
Zhiming Liu",2023.0,Proceedings Article,,IEEE,10.1109/ase56229.2023.00096,https://scispace.com/paper/a-closer-look-at-different-difficulty-levels-code-generation-2vqvuy6qyf,Observational Study,ChatGPT,"RQ2, RQ6","Test case pass rate, Code cleanness, Function size, File size","• ChatGPT passed 25.4% of test cases for 5,000 competition programming problems.
• ChatGPT can potentially fix partially passing programs with extra information.
• It prefers copying code for difficult problems and generates clean code.","Fantastic potential on automated code generation, potential to fix partial pass into a fully pass program, generated codes are with small functions and file sizes (in line with clean code standard)",Unclear,103.8
E095,Aman M. Patel Kazi Zakia Sultana Bharath K. Samanthula (2024) [E095],A Comparative Analysis between AI Generated Code and Human Written Code: A Preliminary Study,"Aman M. Patel
Kazi Zakia Sultana
Bharath K. Samanthula",2024.0,Proceedings Article,,IEEE,10.1109/bigdata62323.2024.10825958,https://scispace.com/paper/a-comparative-analysis-between-ai-generated-code-and-human-6v760d1kq8t4,Observational Study,Not specified,"RQ2, RQ3, RQ6","Software metrics, Bugs, CountLineCodeDecl, CountLineCodeExe, AvgCyclomatic, DLS_DEAD_LOCAL_STORE, AvoidLiteralsInIfCondition","• Two metrics, CountLineCodeDecl and CountLineCodeExe, positively correlate with DLS_DEAD_LOCAL_STORE bug.
• AvgCyclomatic metric relates to AvoidLiteralsInIfCondition bug in both code types.
• Findings offer developers insights to mitigate bug risks across coding methodologies.",Not reported,Unclear,103.5
E096,Catherine M. Hicks Carol S. Lee Kristen Foster-Marks (2024) [E096],"The New Developer: AI Skill Threat, Identity Change &amp;amp; Developer Thriving in the Transition to AI-Assisted Software Development","Catherine M. Hicks
Carol S. Lee
Kristen Foster-Marks",2024.0,Preprint,,Other verified,10.31234/osf.io/2gej5,https://scispace.com/paper/the-new-developer-ai-skill-threat-identity-change-amp-4fxxjp7cv5,Observational Study,Not specified,"RQ1, RQ2, RQ5","Quality of technical work, Developer productivity, Developer thriving, Developer motivation, AI Skill Threat, Overall quality of AI-assisted coding outputs","*   AI Skill Threat describes developers' fear of skill obsolescence with AI-assisted coding.
*   Engineers valuing competition are more prone to AI Skill Threat; learning cultures reduce it.
*   Equity gaps exist: Racially Minoritized developers report higher AI Skill Threat and lower AI quality.",Not reported,Preprint,102.9
E097,Sayan Chatterjee Ching Louis Liu Gareth Rowland Tim Hogarth (2024) [E097],The Impact of AI Tool on Engineering at ANZ Bank an Empirical Study on GitHub Copilot within Corporate Environment,"Sayan Chatterjee
Ching Louis Liu
Gareth Rowland
Tim Hogarth",2024.0,Book Series,Software Engineering,Other verified,10.5121/csit.2024.140702,https://scispace.com/paper/the-impact-of-ai-tool-on-engineering-at-anz-bank-an-5g9abzzaxf,Controlled Experiment,GitHub Copilot,"RQ1, RQ2, RQ5, RQ6","Productivity, Code quality, Security, Participant sentiment, Job satisfaction","• Notable boost in productivity and code quality with GitHub Copilot.
• Impact on code security remained inconclusive.
• Early data indicated significant increase in productivity and job satisfaction.","Notable boost in productivity, notable boost in code quality, significant increase in job satisfaction",Unclear,102.9
E098,nan (2025) [E098],The role of generative AI in software development: Will it replace developers?,,2025.0,Repository,,Other verified,10.5281/zenodo.17263711,https://scispace.com/paper/the-role-of-generative-ai-in-software-development-will-it-nrb68jq5r6qm,Case Study,"GPT-4, Gemini, GitHub Copilot","RQ1, RQ4, RQ5","Productivity gains, Development cycle reductions, Code generation, Debugging, Refactoring, Testing, Security vulnerabilities, Code maintainability","• Generative AI provides significant productivity gains, reducing development cycles by over 30%.
• Limitations exist in contextual understanding, security, architecture, and maintainability, requiring human oversight.
• AI augments developers by automating routine tasks, enabling focus on higher-value activities.","Significant productivity gains, development cycle reductions exceeding 30%, automating routine tasks, augmenting human capabilities, enabling focus on higher-value activities",Unclear,102.8
E099,Arjun Deshraje Urs (2025) [E099],"Human-AI Pair Programming: Evaluating Trust, Efficiency, and Defect Incidence",Arjun Deshraje Urs,2025.0,Repository,,Other verified,10.5281/zenodo.16501130,https://scispace.com/paper/human-ai-pair-programming-evaluating-trust-efficiency-and-3coytp3tmf42,Mixed Methods,"GitHub Copilot, Amazon CodeWhisperer","RQ1, RQ2, RQ6","Trust calibration, Task efficiency, Error proliferation, Onboarding of software engineers, Code generation velocity, Defect rates","• AI copilots increase code generation velocity by 19.7% on average.
• AI copilots increase defect rates by 71% among novice developers.
• The study highlights the need for experience-dependent training approaches.",Enhanced code generation velocity by 19.7% on average,Unclear,102.6
E100,Antonio Carlos Bento Marcos Ribeiro Pereira Barretto José Reinaldo Silva Sergio Camacho León Elsa Yolanda Torres Torres Carlos Vázquez-Hurtado (2025) [E100],Leveraging AI-Assisted Coding Tools in Engineering Education: Promise and Pitfalls in Software Development,"Antonio Carlos Bento
Marcos Ribeiro Pereira Barretto
José Reinaldo Silva
Sergio Camacho León
Elsa Yolanda Torres Torres
Carlos Vázquez-Hurtado",2025.0,Repository,,Other verified,10.5281/zenodo.17557536,https://scispace.com/paper/leveraging-ai-assisted-coding-tools-in-engineering-education-djhckjlo3kl0,Case Study,"GitHub Copilot, ChatGPT","RQ1, RQ2, RQ4, RQ5, RQ6","Time savings, Code quality, Student satisfaction","• 30-40% time savings in prototyping and debugging were observed.
• Maintaining code quality requires systematic human oversight.
• 96% student satisfaction with the AI-assisted learning experience.","30-40% time savings in prototyping and debugging, 96% satisfaction with the AI-assisted learning experience",Unclear,101.6
