"Paper Title","Paper Link","Publication Year","Publication Type","Publication Title","Author Names","DOI","PDF Link","Abstract","TL;DR"
"A systematic study in intelligent software engineering based on Large Language Model","https://scispace.com/paper/a-systematic-study-in-intelligent-software-engineering-based-2ocfbtp3fx","2024","Journal Article","Applied and Computational Engineering","Xiang Li","10.54254/2755-2721/73/20240408","","The application and research of Large Language Model (LLM) in intelligent software engineering have become a hot topic, offering strong theoretical significance and practical value. Researchers in this field have covered various stages of software engineering. However, there is still a lack of comprehensive and holistic research analysis that unifies the current research findings, which hinders the technological development of this field. Addressing this issue, this paper conducts a comprehensive survey of LLM research in the domain of software engineering. We summarize and extract five specific subfields, including LLM and prompts, code analysis, human-computer interaction, fault prediction, and other software engineering aspects. For these representative research directions, it examines significant research works, traces their research context, and discusses their development trends. This work provides a research foundation and contextual support for subsequent software engineering development based on large models. ","A comprehensive survey of LLM research in the domain of software engineering is conducted, including LLM and prompts, code analysis, human-computer interaction, fault prediction, and other software engineering aspects."
"Exploring the Robustness of Large Language Models for Solving
  Programming Problems","https://scispace.com/paper/exploring-the-robustness-of-large-language-models-for-u7akqk6d","2023","Posted Content","","","10.48550/arxiv.2306.14583","","Using large language models (LLMs) for source code has recently gained attention. LLMs, such as Transformer-based models like Codex and ChatGPT, have been shown to be highly capable of solving a wide range of programming problems. However, the extent to which LLMs understand problem descriptions and generate programs accordingly or just retrieve source code from the most relevant problem in training data based on superficial cues has not been discovered yet. To explore this research question, we conduct experiments to understand the robustness of several popular LLMs, CodeGen and GPT-3.5 series models, capable of tackling code generation tasks in introductory programming problems. Our experimental results show that CodeGen and Codex are sensitive to the superficial modifications of problem descriptions and significantly impact code generation performance. Furthermore, we observe that Codex relies on variable names, as randomized variables decrease the solved rate significantly. However, the state-of-the-art (SOTA) models, such as InstructGPT and ChatGPT, show higher robustness to superficial modifications and have an outstanding capability for solving programming problems. This highlights the fact that slight modifications to the prompts given to the LLMs can greatly affect code generation performance, and careful formatting of prompts is essential for high-quality code generation, while the SOTA models are becoming more robust to perturbations. ","In this article , the authors investigated the robustness of several popular LLMs, CodeGen and GPT-3.5 series models, capable of tackling code generation tasks in introductory programming problems."
"Can Large Language Models Detect Real-World Android Software Compliance Violations?","https://scispace.com/paper/can-large-language-models-detect-real-world-android-software-qotrr101y63v","2025","Journal Article","","Zhang Haoyi
Tang, Xunzhu","10.48550/arxiv.2511.00624","","The rapid development of Large Language Models (LLMs) has transformed software engineering, showing promise in tasks like code generation, bug detection, and compliance checking. However, current models struggle to detect compliance violations in Android applications across diverse legal frameworks. We propose \emph{CompliBench}, a novel evaluation framework for assessing LLMs' ability to detect compliance violations under regulations like LGPD, PDPA, and PIPEDA. The framework defines two tasks: Task 1 evaluates \emph{retrieval and localization} at file, module, and line granularities, and Task 2 assesses \emph{multi-label judgment} for code snippets. These tasks mirror the audit process, where auditors locate problematic code and determine implicated provisions. Traditional metrics fail to capture important aspects like cross-granularity stability and jurisdictional consistency. Thus, we introduce stability-aware composites (SGS, RCS, CRGS, and OCS) for a more comprehensive assessment. Experiments with six models, including GPT-4O and Claude-3.5, show \emph{CompliBench} improves compliance detection, with Claude-3.5-sonnet-20241022 achieving the highest OCS score (0.3295), and Gemini-2.5-pro the lowest (0.0538). This work demonstrates \emph{CompliBench}'s potential for improving LLM performance in compliance tasks and provides a foundation for future tools aligned with data protection standards. Our project is available at https://github.com/Haoyi-Zhang/CompliBench. ","This study proposes CompliBench, a novel framework to evaluate Large Language Models' ability to detect Android software compliance violations under diverse regulations, improving detection performance and providing a foundation for future compliance tools."
"CORE: Benchmarking LLMs Code Reasoning Capabilities through Static Analysis Tasks","https://scispace.com/paper/core-benchmarking-llms-code-reasoning-capabilities-through-6vs7pdrt0ywi","2025","Journal Article","arXiv.org","Danning Xie
Mingwei Zheng
Xuwei Liu
Jiannan Wang
Chengpeng Wang
Lin Tan
Xiangyu Zhang","10.48550/arxiv.2507.05269","","Large language models (LLMs) have been widely adopted across diverse software engineering domains, such as code generation, program repair, and vulnerability detection. These applications require understanding beyond surface-level code patterns: value propagation, control flow, and interdependence between program elements. However, existing benchmarks primarily evaluate end-to-end outcomes, such as whether code is correctly repaired or generated, leaving the models ability for program semantic reasoning underexplored. This work presents CoRe, a high-quality, human-verified benchmark designed to evaluate LLMs on fundamental static analysis tasks. CoRe includes 12,553 task instances spanning data dependency, control dependency, and information flow across programs written in C/C++, Java, and Python. To ensure semantic diversity and reasoning complexity, we propose a semantics-aware diverse sampling strategy that selects targets and task instances based on structural coverage and dependency depth. We evaluate 10 mainstream LLMs and show that, while they perform well at identifying dependencies, models still struggle with tasks that require deeper semantic understanding and multi-step reasoning. We further conduct qualitative analyses to uncover key challenges, such as complex control structures and backward dependency patterns, offering insights into improving LLMs code reasoning capabilities.","This study introduces CoRe, a benchmark evaluating large language models' (LLMs) code reasoning capabilities through static analysis tasks, revealing that while LLMs excel at identifying dependencies, they struggle with tasks requiring deeper semantic understanding and multi-step reasoning."
"Text to software: developing tools to close the gaps in software engineering","https://scispace.com/paper/text-to-software-developing-tools-to-close-the-gaps-in-39tqeo6pu1","2010","Proceedings Article","International Conference on Software Engineering","Walter F. Tichy
Sven J. Koerner","10.1145/1882362.1882439","","Software development relies heavily on manual processes for transforming requirements into software artifacts such as models, source code, or test cases. Requirements are the starting point for these transformations, and they are typically written in natural language. However, hardly any automated tools exist that translate natural language texts into software artifacts. We propose to adapt recent advances in natural language processing and semantic technologies to generate UML models, test cases, and perhaps even source code, from natural language input. Though earlier efforts in automatic programming had limited success, we are now in a situation where extracting meaning from text has made substantial progress. For example, encouraging results for generating UML models from textual requirements have been achieved. It might even be possible to generate executable test cases. An intermediate step would be to generate tests from API documentation (which would also be a useful capability in itself). An even greater advance would be to automate rote coding. In all of these cases, entirely new classes of software tools would be needed to extract and process the semantics inherent in natural language texts, augment them with tacit knowledge from ontologies and domain models, and, where necessary, ask humans to clarify ambiguities. Though speculative, a determined, long-term effort in translating text to software could automate and accelerate software development to an unprecedented degree.","This work proposes to adapt recent advances in natural language processing and semantic technologies to generate UML models, test cases, and perhaps even source code, from natural language input, fromnatural language input."
"Dynamic Benchmark Construction for Evaluating Large Language Models on Real-World Codes","https://scispace.com/paper/dynamic-benchmark-construction-for-evaluating-large-language-z3npn2q5oaii","2025","Journal Article","arXiv.org","Zhe Zhang
Runlin Liu
Aishan Liu
Xingyu Liu
Xiang Gao
Hailong Sun","10.48550/arxiv.2508.07180","","As large language models LLMs) become increasingly integrated into software development workflows, rigorously evaluating their performance on complex, real-world code generation tasks has become essential. However, existing benchmarks often suffer from data contamination and limited test rigor, constraining their ability to reveal model failures effectively. To address these, we present CODE2BENCH, a end-to-end pipeline for dynamically constructing robust and contamination-resistant benchmarks from real-world GitHub repositories. Specifically, CODE2BENCH introduces three key innovations: (1) Automated Dynamism, achieved through periodic ingestion of recent code to minimize training data contamination; (2) Scope Graph-based dependency analysis, which enables structured classification of functions into benchmark instances with controlled dependency levels (distinguishing between Self-Contained (SC) tasks for cross-language evaluation and Weakly Self-Contained (WSC) tasks involving permitted library usage); and (3) Property-Based Testing (PBT) for the automated synthesis of rigorous test suites to enable thorough functional verification. Using this pipeline, we construct CODE2BENCH-2505, the first benchmark derived from 880 recent Python projects spanning diverse domains, comprising 1,163 code generation tasks with 100% average branch coverage on ground-truth implementations. Extensive evaluation of 16 LLMs using CODE2BENCH-2505 reveals that models consistently struggle with SC tasks requiring complex, non-standard logic and cross-language transfer, while showing relatively stronger performance on WSC tasks in Python. Our work introduces a contamination-resistant, language-agnostic methodology for dynamic benchmark construction, offering a principled foundation for the comprehensive and realistic evaluation of LLMs on real-world software development tasks.","This study presents CODE2BENCH, a pipeline for constructing robust benchmarks from real-world GitHub repositories, addressing data contamination and limited test rigor in evaluating large language models on complex code generation tasks."
"When Neural Model Meets NL2Code: A Survey","https://scispace.com/paper/when-neural-model-meets-nl2code-a-survey-y1xx8ztj","","Journal Article","arXiv.org","Daoguang Zan
Fengji Zhang
Ding-hao Lu
Bingchao Wu
Bei Guan
Yongji Wang
Jian-Guang Lou","10.48550/arXiv.2212.09420","","Given a natural language that describes the user’s demands, the NL2Code task aims to generate code that addresses the demands. This is a critical but challenging task that mirrors the capabilities of AI-powered programming. The NL2Code task is inherently versatile, diverse and complex. For example, a demand can be described in different languages, in different formats, and at different levels of granularity. This inspired us to do this survey for NL2Code. In this survey, we focus on how does neural network (NN) solves NL2Code. We ﬁrst propose a comprehensive framework, which is able to cover all studies in this ﬁeld. Then, we in-depth parse the existing studies into this framework. We create an online website to record the parsing results, which tracks existing and recent NL2Code progress. In addition, we summarize the current challenges of NL2Code as well as its future directions. We hope that this survey can foster the evolution of this ﬁeld.","The NL2Code task aims to generate code that addresses the user's demands given a natural language that describes the users' demands as discussed by the authors , which is a critical but challenging task that mirrors the capabilities of AI-powered programming."
"LLM4VV: Exploring LLM-as-a-Judge for Validation and Verification
  Testsuites","https://scispace.com/paper/llm4vv-exploring-llm-as-a-judge-for-validation-and-2s00ppihzeeg","2024","Journal Article","","Zachariah Sollenberger
Jay Patel
Christian Munley
Aaron Jarmusch
Sunita Chandrasekaran","10.48550/arxiv.2408.11729","","Large Language Models (LLM) are evolving and have significantly revolutionized the landscape of software development. If used well, they can significantly accelerate the software development cycle. At the same time, the community is very cautious of the models being trained on biased or sensitive data, which can lead to biased outputs along with the inadvertent release of confidential information. Additionally, the carbon footprints and the un-explainability of these black box models continue to raise questions about the usability of LLMs. With the abundance of opportunities LLMs have to offer, this paper explores the idea of judging tests used to evaluate compiler implementations of directive-based programming models as well as probe into the black box of LLMs. Based on our results, utilizing an agent-based prompting approach and setting up a validation pipeline structure drastically increased the quality of DeepSeek Coder, the LLM chosen for the evaluation purposes. ","This paper explores LLM-as-a-judge for validation and verification testsuites, addressing concerns of bias, data sensitivity, and un-explainability, and presents an agent-based prompting approach that significantly improves the quality of a chosen LLM, DeepSeek Coder."
"Pitfalls in Language Models for Code Intelligence: A Taxonomy and Survey","https://scispace.com/paper/pitfalls-in-language-models-for-code-intelligence-a-taxonomy-vwb6tpolrcpa","2025","Journal Article","ACM Transactions on Software Engineering and Methodology","Xinyu She
Yue Liu
Yanjie Zhao
Yiling He
Li Li
Chakkrit Tantithamthavorn
Zhan Qin
Haoyu Wang","10.1145/3748647","","Modern language models (LMs) have been successfully employed in source code generation and understanding, leading to a significant increase in research focused on learning-based code intelligence, such as automated bug repair, and test case generation. Despite their great potential, language models for code intelligence (LM4Code) are susceptible to potential pitfalls , which hinder realistic performance and further impact their reliability and applicability in real-world deployment . Such challenges drive the need for a comprehensive understanding - not just identifying these issues but delving into their possible implications and existing solutions to build more reliable language models tailored to code intelligence. Based on a well-defined systematic research approach, we conducted an extensive literature review to uncover the pitfalls inherent in LM4Code. Finally, 121 primary studies from top-tier venues have been identified. After carefully examining these studies, we designed a taxonomy of pitfalls in LM4Code research and conducted a systematic study to summarize the issues, current solutions, implications, and challenges of different pitfalls for LM4Code systems. We developed a comprehensive classification scheme that dissects pitfalls across four crucial aspects: data collection and labeling, system design and learning, performance evaluation, and deployment and maintenance. Through this study, we aim to provide a roadmap for researchers and practitioners, facilitating their understanding and utilization of LM4Code in reliable and trustworthy ways. ","This study identifies and categorizes pitfalls in language models for code intelligence, including data collection, system design, performance evaluation, and deployment issues, to provide a comprehensive taxonomy and roadmap for reliable LM4Code systems."
"Are Large Language Models Robust in Understanding Code Against Semantics-Preserving Mutations?","https://scispace.com/paper/are-large-language-models-robust-in-understanding-code-q07pgtp7w6fg","2025","Journal Article","arXiv.org","Pedro Orvalho
Marta Kwiatkowska","10.48550/arxiv.2505.10443","","Understanding the reasoning and robustness of Large Language Models (LLMs) is critical for their reliable use in programming tasks. While recent studies have assessed LLMs'ability to predict program outputs, most focus solely on the accuracy of those predictions, without evaluating the reasoning behind them. Moreover, it has been observed on mathematical reasoning tasks that LLMs can arrive at correct answers through flawed logic, raising concerns about similar issues in code understanding. In this work, we evaluate whether state-of-the-art LLMs with up to 8B parameters can reason about Python programs or are simply guessing. We apply five semantics-preserving code mutations: renaming variables, mirroring comparison expressions, swapping if-else branches, converting for loops to while, and loop unrolling. These mutations maintain program semantics while altering its syntax. We evaluated six LLMs and performed a human expert analysis using LiveCodeBench to assess whether the correct predictions are based on sound reasoning. We also evaluated prediction stability across different code mutations on LiveCodeBench and CruxEval. Our findings show that LLMs trained for code produce correct predictions based on flawed reasoning between 10% and 50% of cases. Furthermore, LLMs often change predictions in response to our code mutations, indicating they do not yet exhibit stable, semantically grounded reasoning.","This study evaluates the robustness of large language models in understanding code against semantics-preserving mutations, finding that 10-50% of correct predictions are based on flawed reasoning, and models often change predictions in response to code mutations."
"Benchmarking and Studying the LLM-based Code Review","https://scispace.com/paper/benchmarking-and-studying-the-llm-based-code-review-6mafpx4opvr2","2025","Journal Article","","Zeng, Zhengran
Han Keke
Li, Yixin
Sun Kai-cheng
Wang Yidong
Yu, Zhuohao
Xie, Rui
Ye Wei
Zhang, Shikun","10.48550/arxiv.2509.01494","","Automated Code Review (ACR) is crucial for software quality, yet existing benchmarks often fail to reflect real-world complexities, hindering the evaluation of modern Large Language Models (LLMs). Current benchmarks frequently focus on fine-grained code units, lack complete project context, and use inadequate evaluation metrics. To address these limitations, we introduce SWRBench , a new benchmark comprising 1000 manually verified Pull Requests (PRs) from GitHub, offering PR-centric review with full project context. SWRBench employs an objective LLM-based evaluation method that aligns strongly with human judgment (~90 agreement) by verifying if issues from a structured ground truth are covered in generated reviews. Our systematic evaluation of mainstream ACR tools and LLMs on SWRBench reveals that current systems underperform, and ACR tools are more adept at detecting functional errors. Subsequently, we propose and validate a simple multi-review aggregation strategy that significantly boosts ACR performance, increasing F1 scores by up to 43.67%. Our contributions include the SWRBench benchmark, its objective evaluation method, a comprehensive study of current ACR capabilities, and an effective enhancement approach, offering valuable insights for advancing ACR research. ",""
"AI Agentic Programming: A Survey of Techniques, Challenges, and Opportunities","https://scispace.com/paper/ai-agentic-programming-a-survey-of-techniques-challenges-and-sys31qeahpgs","2025","Journal Article","arXiv.org","Huanting Wang
Jingzhi Gong
Huawei Zhang
Zheng Wang","10.48550/arxiv.2508.11126","","AI agentic programming is an emerging paradigm where large language model (LLM)-based coding agents autonomously plan, execute, and interact with tools such as compilers, debuggers, and version control systems. Unlike conventional code generation, these agents decompose goals, coordinate multi-step processes, and adapt based on feedback, reshaping software development practices. This survey provides a timely review of the field, introducing a taxonomy of agent behaviors and system architectures and examining relevant techniques for planning, context management, tool integration, execution monitoring, and benchmarking datasets. We highlight challenges of this fast-moving field and discuss opportunities for building reliable, transparent, and collaborative coding agents.","This survey on AI agentic programming explores techniques, challenges, and opportunities of large language model-based coding agents that autonomously plan, execute, and interact with software development tools, reshaping development practices with adaptability and transparency."
"When Prompt Engineering Meets Software Engineering: CNL-P as Natural and Robust ""APIs"" for Human-AI Interaction","https://scispace.com/paper/when-prompt-engineering-meets-software-engineering-cnl-p-as-fqryjbki0m2y","2025","Journal Article","","Zhenchang Xing
Yang Liu
Zhuo Cheng
Qing Huang
Dehai Zhao
Daniel Sun
Chenhua Liu","10.48550/arxiv.2508.06942","","With the growing capabilities of large language models (LLMs), they are increasingly applied in areas like intelligent customer service, code generation, and knowledge management. Natural language (NL) prompts act as the ``APIs''for human-LLM interaction. To improve prompt quality, best practices for prompt engineering (PE) have been developed, including writing guidelines and templates. Building on this, we propose Controlled NL for Prompt (CNL-P), which not only incorporates PE best practices but also draws on key principles from software engineering (SE). CNL-P introduces precise grammar structures and strict semantic norms, further eliminating NL's ambiguity, allowing for a declarative but structured and accurate expression of user intent. This helps LLMs better interpret and execute the prompts, leading to more consistent and higher-quality outputs. We also introduce an NL2CNL-P conversion tool based on LLMs, enabling users to write prompts in NL, which are then transformed into CNL-P format, thus lowering the learning curve of CNL-P. In particular, we develop a linting tool that checks CNL-P prompts for syntactic and semantic accuracy, applying static analysis techniques to NL for the first time. Extensive experiments demonstrate that CNL-P enhances the quality of LLM responses through the novel and organic synergy of PE and SE. We believe that CNL-P can bridge the gap between emerging PE and traditional SE, laying the foundation for a new programming paradigm centered around NL.","Researchers propose Controlled NL for Prompt (CNL-P), a structured approach to natural language prompts for human-AI interaction, combining prompt engineering best practices with software engineering principles to improve large language model response quality and consistency."
"CodeClash: Benchmarking Goal-Oriented Software Engineering","https://scispace.com/paper/codeclash-benchmarking-goal-oriented-software-engineering-fe297yl59i6n","2025","Journal Article","","Yang John
Lieret, Kilian
Jimenez, Carlos E.
Press, Ofir
Schmidt, Ludwig
Yang, Diyi","10.48550/arxiv.2511.00839","","Current benchmarks for coding evaluate language models (LMs) on concrete, well-specified tasks such as fixing specific bugs or writing targeted tests. However, human programmers do not spend all day incessantly addressing isolated tasks. Instead, real-world software development is grounded in the pursuit of high-level goals, like improving user retention or reducing costs. Evaluating whether LMs can also iteratively develop code to better accomplish open-ended objectives without any explicit guidance remains an open challenge. To address this, we introduce CodeClash, a benchmark where LMs compete in multi-round tournaments to build the best codebase for achieving a competitive objective. Each round proceeds in two phases: agents edit their code, then their codebases compete head-to-head in a code arena that determines winners based on objectives like score maximization, resource acquisition, or survival. Whether it's writing notes, scrutinizing documentation, analyzing competition logs, or creating test suites, models must decide for themselves how to improve their codebases both absolutely and against their opponents. We run 1680 tournaments (25,200 rounds total) to evaluate 8 LMs across 6 arenas. Our results reveal that while models exhibit diverse development styles, they share fundamental limitations in strategic reasoning. Models also struggle with long-term codebase maintenance, as repositories become progressively messy and redundant. These limitations are stark: top models lose every round against expert human programmers. We open-source CodeClash to advance the study of autonomous, goal-oriented code development. ","CodeClash benchmark evaluates language models' ability to iteratively develop code for open-ended objectives without explicit guidance, revealing fundamental limitations in strategic reasoning and long-term codebase maintenance, with top models losing to expert human programmers."
"A Contemporary Survey of Large Language Model Assisted Program Analysis","https://scispace.com/paper/a-contemporary-survey-of-large-language-model-assisted-rbo075gbczkt","2025","Journal Article","","Jiayimei Wang
Ni Tao
Wei-Bin Lee
Qingchuan Zhao","10.53941/tai.2025.100006","","The increasing complexity of software systems has driven significant advancements in program analysis, as traditional methods unable to meet the demands of modern software development. To address these limitations, deep learning techniques, particularly Large Language Models (LLMs), have gained attention due to their context-aware capabilities in code comprehension. Recognizing the potential of LLMs, researchers have extensively explored their application in program analysis since their introduction. Despite existing surveys on LLM applications in cybersecurity, comprehensive reviews specifically addressing their role in program analysis remain scarce. In this survey, we systematically review the application of LLMs in program analysis, categorizing the existing work into static analysis, dynamic analysis, and hybrid approaches. Moreover, by examining and synthesizing recent studies, we identify future directions and challenges in the field. This survey aims to demonstrate the potential of LLMs in advancing program analysis practices and offer actionable insights for security researchers seeking to enhance detection frameworks or develop domain-specific models. ","This survey reviews the application of Large Language Models (LLMs) in program analysis, categorizing existing work into static, dynamic, and hybrid approaches, and identifies future directions and challenges in advancing program analysis practices with LLMs."
"A Proposal for Evaluating the Operational Risk for ChatBots based on Large Language Models","https://scispace.com/paper/a-proposal-for-evaluating-the-operational-risk-for-chatbots-ea15g0aqgp9z","2025","Journal Article","","Pinacho-Davidson, Pedro
Gutierrez Fernando
Aqueveque Pablo","10.48550/arxiv.2505.04784","","The emergence of Generative AI (Gen AI) and Large Language Models (LLMs) has enabled more advanced chatbots capable of human-like interactions. However, these conversational agents introduce a broader set of operational risks that extend beyond traditional cybersecurity considerations. In this work, we propose a novel, instrumented risk-assessment metric that simultaneously evaluates potential threats to three key stakeholders: the service-providing organization, end users, and third parties. Our approach incorporates the technical complexity required to induce erroneous behaviors in the chatbot--ranging from non-induced failures to advanced prompt-injection attacks--as well as contextual factors such as the target industry, user age range, and vulnerability severity. To validate our metric, we leverage Garak, an open-source framework for LLM vulnerability testing. We further enhance Garak to capture a variety of threat vectors (e.g., misinformation, code hallucinations, social engineering, and malicious code generation). Our methodology is demonstrated in a scenario involving chatbots that employ retrieval-augmented generation (RAG), showing how the aggregated risk scores guide both short-term mitigation and longer-term improvements in model design and deployment. The results underscore the importance of multi-dimensional risk assessments in operationalizing secure, reliable AI-driven conversational systems. ",""
"A Hazard Analysis Framework for Code Synthesis Large Language Models","https://scispace.com/paper/a-hazard-analysis-framework-for-code-synthesis-large-34dntb80","2022","Journal Article","arXiv.org","Heidy Khlaaf
Pamela Mishkin
Joshua Achiam
Gretchen Krueger
Miles Brundage","10.48550/arXiv.2207.14157","","Codex, a large language model (LLM) trained on a variety of codebases, exceeds the previous state of the art in its capacity to synthesize and generate code. Although Codex provides a plethora of benefits, models that may generate code on such scale have significant limitations, alignment problems, the potential to be misused, and the possibility to increase the rate of progress in technical fields that may themselves have destabilizing impacts or have misuse potential. Yet such safety impacts are not yet known or remain to be explored. In this paper, we outline a hazard analysis framework constructed at OpenAI to uncover hazards or safety risks that the deployment of models like Codex may impose technically, socially, politically, and economically. The analysis is informed by a novel evaluation framework that determines the capacity of advanced code generation techniques against the complexity and expressivity of specification prompts, and their capability to understand and execute them relative to human ability.","This paper outlines a hazard analysis framework constructed at OpenAI to uncover hazards or safety risks that the deployment of models like Codex may impose technically, socially, politically, and economically."
"RMCBench: Benchmarking Large Language Models' Resistance to Malicious Code","https://scispace.com/paper/rmcbench-benchmarking-large-language-models-resistance-to-3h6ct3cpd7vq","2024","Journal Article","","Jiachi Chen
Qingyuan Zhong
Yanlin Wang
Kaiwen Ning
Yongkun Liu
Zenan Xu
Zhe Zhao
Ting Chen
Zibin Zheng","10.1145/3691620.3695480","","The emergence of Large Language Models (LLMs) has significantly influenced various aspects of software development activities. Despite their benefits, LLMs also pose notable risks, including the potential to generate harmful content and being abused by malicious developers to create malicious code. Several previous studies have focused on the ability of LLMs to resist the generation of harmful content that violates human ethical standards, such as biased or offensive content. However, there is no research evaluating the ability of LLMs to resist malicious code generation. To fill this gap, we propose RMCBench, the first benchmark comprising 473 prompts designed to assess the ability of LLMs to resist malicious code generation. This benchmark employs two scenarios: a text-to-code scenario, where LLMs are prompted with descriptions to generate code, and a code-to-code scenario, where LLMs translate or complete existing malicious code. Based on RMCBench, we conduct an empirical study on 11 representative LLMs to assess their ability to resist malicious code generation. Our findings indicate that current LLMs have a limited ability to resist malicious code generation with an average refusal rate of 40.36% in text-to-code scenario and 11.52% in code-to-code scenario. The average refusal rate of all LLMs in RMCBench is only 28.71%; ChatGPT-4 has a refusal rate of only 35.73%. We also analyze the factors that affect LLMs' ability to resist malicious code generation and provide implications for developers to enhance model robustness. ","RMCBench, a benchmark of 473 prompts, evaluates Large Language Models' (LLMs) resistance to malicious code generation, revealing limited ability with an average refusal rate of 28.71% across 11 representative LLMs, highlighting the need for enhanced model robustness."
"From Model to Breach: Towards Actionable LLM-Generated Vulnerabilities Reporting","https://scispace.com/paper/from-model-to-breach-towards-actionable-llm-generated-s5tqlen3udb8","2025","Journal Article","","Vallez, Cyril
Kucharavy, Andrei
Dolamic, Ljiljana","10.48550/arxiv.2511.04538","","As the role of Large Language Models (LLM)-based coding assistants in software development becomes more critical, so does the role of the bugs they generate in the overall cybersecurity landscape. While a number of LLM code security benchmarks have been proposed alongside approaches to improve the security of generated code, it remains unclear to what extent they have impacted widely used coding LLMs. Here, we show that even the latest open-weight models are vulnerable in the earliest reported vulnerability scenarios in a realistic use setting, suggesting that the safety-functionality trade-off has until now prevented effective patching of vulnerabilities. To help address this issue, we introduce a new severity metric that reflects the risk posed by an LLM-generated vulnerability, accounting for vulnerability severity, generation chance, and the formulation of the prompt that induces vulnerable code generation - Prompt Exposure (PE). To encourage the mitigation of the most serious and prevalent vulnerabilities, we use PE to define the Model Exposure (ME) score, which indicates the severity and prevalence of vulnerabilities a model generates. ","This study reveals that even latest LLMs are vulnerable in early reported scenarios, highlighting a safety-functionality trade-off. A new severity metric, Prompt Exposure, is introduced to assess vulnerability risk, and a Model Exposure score is proposed to prioritize mitigation."
"Towards Safe, Secure, and Usable LLMs4Code","https://scispace.com/paper/towards-safe-secure-and-usable-llms4code-utu4awy765","2024","Journal Article","","Ali Al-Kaswan","10.1145/3639478.3639803","","Large Language Models (LLMs) are gaining popularity in the field of Natural Language Processing (NLP) due to their remarkable accuracy in various NLP tasks. LLMs designed for coding are trained on massive datasets, which enables them to learn the structure and syntax of programming languages. These datasets are scraped from the web and LLMs memorise information in these datasets. LLMs for code are also growing, making them more challenging to execute and making users increasingly reliant on external infrastructure. We aim to explore the challenges faced by LLMs for code and propose techniques to measure and prevent memorisation. Additionally, we suggest methods to compress models and run them locally on consumer hardware.","LLMs for code are gaining popularity but face challenges in execution and memorization. Techniques to measure and prevent memorization, model compression, and local execution are proposed."
"Pitfalls in Language Models for Code Intelligence: A Taxonomy and Survey","https://scispace.com/paper/pitfalls-in-language-models-for-code-intelligence-a-taxonomy-4afyixk2mt","2023","Journal Article","arXiv.org","Xinyu She
Yue Liu
Yanjie Zhao
Yiling He
Li Li
Chakkrit Tantithamthavorn
Zhan Qin
Haoyu Wang","10.48550/arxiv.2310.17903","","Modern language models (LMs) have been successfully employed in source code generation and understanding, leading to a significant increase in research focused on learning-based code intelligence, such as automated bug repair, and test case generation. Despite their great potential, language models for code intelligence (LM4Code) are susceptible to potential pitfalls, which hinder realistic performance and further impact their reliability and applicability in real-world deployment. Such challenges drive the need for a comprehensive understanding - not just identifying these issues but delving into their possible implications and existing solutions to build more reliable language models tailored to code intelligence. Based on a well-defined systematic research approach, we conducted an extensive literature review to uncover the pitfalls inherent in LM4Code. Finally, 67 primary studies from top-tier venues have been identified. After carefully examining these studies, we designed a taxonomy of pitfalls in LM4Code research and conducted a systematic study to summarize the issues, implications, current solutions, and challenges of different pitfalls for LM4Code systems. We developed a comprehensive classification scheme that dissects pitfalls across four crucial aspects: data collection and labeling, system design and learning, performance evaluation, and deployment and maintenance. Through this study, we aim to provide a roadmap for researchers and practitioners, facilitating their understanding and utilization of LM4Code in reliable and trustworthy ways. ","A comprehensive classification scheme is developed that dissects pitfalls across four crucial aspects: data collection and labeling, system design and learning, performance evaluation, and deployment and maintenance of LM4 code in reliable and trustworthy ways."
"Purple Llama CyberSecEval: A Secure Coding Benchmark for Language Models","https://scispace.com/paper/purple-llama-cyberseceval-a-secure-coding-benchmark-for-4vdj6bbb13","2023","Journal Article","arXiv.org","Manish Bhatt
Sahana Chennabasappa
Cyrus Nikolaidis
Shengye Wan
Ivan Evtimov
Dominik Gabi
Daniel Song
Faizan Ahmad
Cornelius Aschermann
Lorenzo Fontana
Sasha Frolov
Ravi Prakash Giri
Dhaval Kapil
Yiannis Kozyrakis
David LeBlanc
James Milazzo
Aleksandar Straumann
Gabriel Synnaeve
Varun Vontimitta
Spencer Whitman
Joshua Saxe","10.48550/arxiv.2312.04724","","This paper presents CyberSecEval, a comprehensive benchmark developed to help bolster the cybersecurity of Large Language Models (LLMs) employed as coding assistants. As what we believe to be the most extensive unified cybersecurity safety benchmark to date, CyberSecEval provides a thorough evaluation of LLMs in two crucial security domains: their propensity to generate insecure code and their level of compliance when asked to assist in cyberattacks. Through a case study involving seven models from the Llama 2, Code Llama, and OpenAI GPT large language model families, CyberSecEval effectively pinpointed key cybersecurity risks. More importantly, it offered practical insights for refining these models. A significant observation from the study was the tendency of more advanced models to suggest insecure code, highlighting the critical need for integrating security considerations in the development of sophisticated LLMs. CyberSecEval, with its automated test case generation and evaluation pipeline covers a broad scope and equips LLM designers and researchers with a tool to broadly measure and enhance the cybersecurity safety properties of LLMs, contributing to the development of more secure AI systems.","This paper presents CyberSecEval, a comprehensive benchmark developed to help bolster the cybersecurity of Large Language Models employed as coding assistants, which provides a thorough evaluation of LLMs in two crucial security domains: their propensity to generate insecure code and their level of compliance when asked to assist in cyberattacks."
"ChatGPT for Software Development: Opportunities and Challenges","https://scispace.com/paper/chatgpt-for-software-development-opportunities-and-4wmub2xa9v","2024","Journal Article","IT Professional","Wahyu Rahmaniar","10.1109/mitp.2024.3379831","","Rapid natural language processing advances, such as OpenAI's ChatGPT, promise profound transformations across multiple domains, including software development. This article discusses ChatGPT's role in software engineering, including an investigation of implications and applications highlighting ChatGPT's code-assistance capabilities. Through a series of analyses, we discuss the real impact of ChatGPT on open source software development. However, apart from offering efficiency and innovation, ChatGPT mandates a careful and well-informed approach to integration into software development paradigms. ","ChatGPT holds transformative potential for software development, offering code assistance and improving efficiency. However, its integration requires careful consideration and adaptation to existing development paradigms."
"A Hazard Analysis Framework for Code Synthesis Large Language Models","https://scispace.com/paper/a-hazard-analysis-framework-for-code-synthesis-large-2btxllxs","2022","Posted Content","","","10.48550/arxiv.2207.14157","","Codex, a large language model (LLM) trained on a variety of codebases, exceeds the previous state of the art in its capacity to synthesize and generate code. Although Codex provides a plethora of benefits, models that may generate code on such scale have significant limitations, alignment problems, the potential to be misused, and the possibility to increase the rate of progress in technical fields that may themselves have destabilizing impacts or have misuse potential. Yet such safety impacts are not yet known or remain to be explored. In this paper, we outline a hazard analysis framework constructed at OpenAI to uncover hazards or safety risks that the deployment of models like Codex may impose technically, socially, politically, and economically. The analysis is informed by a novel evaluation framework that determines the capacity of advanced code generation techniques against the complexity and expressivity of specification prompts, and their capability to understand and execute them relative to human ability. ","In this article , a hazard analysis framework is presented to uncover hazards or safety risks that the deployment of models like Codex may impose technically, socially, politically, and economically, informed by a novel evaluation framework that determines the capacity of advanced code generation techniques against the complexity and expressivity of specification prompts."
"Can We Trust the AI Pair Programmer? Copilot for API Misuse Detection and Correction","https://scispace.com/paper/can-we-trust-the-ai-pair-programmer-copilot-for-api-misuse-mx51onsn1v7b","2025","Journal Article","","Mondal, Saikat
Roy, Chanchal K.
Wang Hong","10.48550/arxiv.2509.16795","","API misuse introduces security vulnerabilities, system failures, and increases maintenance costs, all of which remain critical challenges in software development. Existing detection approaches rely on static analysis or machine learning-based tools that operate post-development, which delays defect resolution. Delayed defect resolution can significantly increase the cost and complexity of maintenance and negatively impact software reliability and user trust. AI-powered code assistants, such as GitHub Copilot, offer the potential for real-time API misuse detection within development environments. This study evaluates GitHub Copilot's effectiveness in identifying and correcting API misuse using MUBench, which provides a curated benchmark of misuse cases. We construct 740 misuse examples, manually and via AI-assisted variants, using correct usage patterns and misuse specifications. These examples and 147 correct usage cases are analyzed using Copilot integrated in Visual Studio Code. Copilot achieved a detection accuracy of 86.2%, precision of 91.2%, and recall of 92.4%. It performed strongly on common misuse types (e.g., missing-call, null-check) but struggled with compound or context-sensitive cases. Notably, Copilot successfully fixed over 95% of the misuses it identified. These findings highlight both the strengths and limitations of AI-driven coding assistants, positioning Copilot as a promising tool for real-time pair programming and detecting and fixing API misuses during software development. ",""
"ChatDev: Communicative Agents for Software Development","https://scispace.com/paper/chatdev-communicative-agents-for-software-development-28hnwafczgxf","2024","Journal Article","","Qian Chen
Wei Liu
Hongzhang Liu
Nuo Chen
Yufan Dang
Jiahao Li
Cheng Yang
Weize Chen
Yu-Sheng Su
Xin Cong
Juyuan Xu
D. Li
Zhiyuan Liu
Maosong Sun","10.18653/v1/2024.acl-long.810","","Software development is a complex task that necessitates cooperation among multiple members with diverse skills. Numerous studies used deep learning to improve specific phases in a waterfall model, such as design, coding, and testing. However, the deep learning model in each phase requires unique designs, leading to technical inconsistencies across various phases, which results in a fragmented and ineffective development process. In this paper, we introduce ChatDev, a chat-powered software development framework in which specialized agents driven by large language models (LLMs) are guided in what to communicate (via chat chain) and how to communicate (via communicative dehallucination). These agents actively contribute to the design, coding, and testing phases through unified language-based communication, with solutions derived from their multi-turn dialogues. We found their utilization of natural language is advantageous for system design, and communicating in programming language proves helpful in debugging. This paradigm demonstrates how linguistic communication facilitates multi-agent collaboration, establishing language as a unifying bridge for autonomous task-solving among LLM agents. The code and data are available at https://github.com/OpenBMB/ChatDev.","This paper introduces ChatDev, a chat-powered software development framework using large language models to facilitate communication and collaboration among agents in design, coding, and testing phases, enhancing system design and debugging through unified language-based communication."
"Applied AI matters: AI4Code: applying artificial intelligence to source code","https://scispace.com/paper/applied-ai-matters-ai4code-applying-artificial-intelligence-2ufzcazj82","2021","Journal Article","","Kartik Talamadupula","10.1145/3465074.3465080","","The marriage of Artificial Intelligence (AI) techniques to problems surrounding the generation, maintenance, and use of source code has come to the fore in recent years as an important AI application area1. A large chunk of this recent attention can be attributed to contemporaneous advancements in Natural Language Processing (NLP) techniques and sub-fields. The naturalness hypothesis, which states that ""software is a form of human communication"" and that code exhibits patterns that are similar to (human) natural languages (Devanbu, 2015; Hindle, Barr, Gabel, Su, & Devanbu, 2016), has allowed for the application of many of these NLP advances to code-centric usecases. This development has contributed to a spate of work in the community --- much of it captured in a survey by Allamanis, Barr, Devanbu, and Sutton (2018) that focuses on classifying these approaches by the type of probabilistic model applied to source code. This increase in the variety of AI techniques applied to source code has found various manifestations in the industry at large. Code and software form the backbone that underpins almost all modern technical advancements: it is thus natural that breakthroughs in this area should reflect in the emergence of real world deployments.","The marriage of Artificial Intelligence (AI) techniques to problems surrounding the generation, maintenance, and use of source code has come to the fore in recent years as an important AI application area as mentioned in this paper."
"Testing AI Large Language Models: Challenges, Innovations, and Future Directions","https://scispace.com/paper/testing-ai-large-language-models-challenges-innovations-and-wocl55gfjgol","2025","Journal Article","Journal of computer science and technology studies","P. Sunilkumar","10.32996/jcsts.2025.7.7.71","","The rapid proliferation of Large Language Models across critical sectors has exposed fundamental inadequacies in traditional software testing paradigms when applied to probabilistic, context-dependent AI systems. Contemporary evaluation challenges encompass non-deterministic behavior, systematic bias amplification, adversarial vulnerabilities, and interpretability deficits that render conventional testing approaches insufficient for ensuring reliability, fairness, and safety in real-world deployments. Current testing methodologies have evolved to incorporate comprehensive benchmarking frameworks, adversarial evaluation techniques, human-centered assessment protocols, and automated validation mechanisms that address the multifaceted nature of language model behavior. Emerging innovations include synthetic data generation for comprehensive edge-case testing, regulatory compliance frameworks establishing mandatory safety standards, and Constitutional AI approaches that integrate ethical principles directly into model training and evaluation processes. Industry case studies demonstrate measurable improvements in safety metrics through the systematic implementation of multi-dimensional evaluation approaches. However, significant challenges remain in scaling these methodologies to increasingly capable systems deployed across diverse application domains. The evolution of LLM testing demands interdisciplinary collaboration combining machine learning expertise, cybersecurity knowledge, and ethical considerations to develop robust evaluation frameworks that can ensure AI system reliability and societal benefit. ","Traditional software testing paradigms are insufficient for Large Language Models due to non-deterministic behavior, bias amplification, and interpretability deficits. Emerging innovations address these challenges with comprehensive benchmarking, adversarial evaluation, and Constitutional AI approaches."
"Towards Trustworthy AI Software Development Assistance","https://scispace.com/paper/towards-trustworthy-ai-software-development-assistance-57eyp899k2","2024","Journal Article","","Daniel Maninger
Krishna Narasimhan
Mira Mezini","10.1145/3639476.3639770","","It is expected that in the near future, AI software development assistants will play an important role in the software industry. However, current software development assistants tend to be unreliable, often producing incorrect, unsafe, or low-quality code. We seek to resolve these issues by introducing a holistic architecture for constructing, training, and using trustworthy AI software development assistants. In the center of the architecture, there is a foundational LLM trained on datasets representative of real-world coding scenarios and complex software architectures, and fine-tuned on code quality criteria beyond correctness. The LLM will make use of graph-based code representations for advanced semantic comprehension. We envision a knowledge graph integrated into the system to provide up-to-date background knowledge and to enable the assistant to provide appropriate explanations. Finally, a modular framework for constrained decoding will ensure that certain guarantees (e.g., for correctness and security) hold for the generated code. ","Trustworthy AI software development assistance requires a holistic architecture that includes a foundational LLM trained on datasets representative of real-world coding scenarios and complex software architectures, graph-based code representations, a knowledge graph for up-to-date background knowledge, and a modular framework for constrained decoding."
"Programming with AI: Evaluating ChatGPT, Gemini, AlphaCode, and GitHub
  Copilot for Programmers","https://scispace.com/paper/programming-with-ai-evaluating-chatgpt-gemini-alphacode-and-6i64frm8jlxe","2024","Journal Article","","Md Kamrul Siam
Huanying Gu
Jerry Cheng","10.48550/arxiv.2411.09224","","Our everyday lives now heavily rely on artificial intelligence (AI) powered large language models (LLMs). Like regular users, programmers are also benefiting from the newest large language models. In response to the critical role that AI models play in modern software development, this study presents a thorough evaluation of leading programming assistants, including ChatGPT, Gemini(Bard AI), AlphaCode, and GitHub Copilot. The evaluation is based on tasks like natural language processing and code generation accuracy in different programming languages like Java, Python and C++. Based on the results, it has emphasized their strengths and weaknesses and the importance of further modifications to increase the reliability and accuracy of the latest popular models. Although these AI assistants illustrate a high level of progress in language understanding and code generation, along with ethical considerations and responsible usage, they provoke a necessity for discussion. With time, developing more refined AI technology is essential for achieving advanced solutions in various fields, especially with the knowledge of the feature intricacies of these models and their implications. This study offers a comparison of different LLMs and provides essential feedback on the rapidly changing area of AI models. It also emphasizes the need for ethical developmental practices to actualize AI models' full potential. ","This study evaluates ChatGPT, Gemini, AlphaCode, and GitHub Copilot for programmers, assessing their natural language processing and code generation accuracy in Java, Python, and C++. It highlights strengths, weaknesses, and the need for responsible AI development."
"Natural Language to Code: How Far Are We?","https://scispace.com/paper/natural-language-to-code-how-far-are-we-54gur3nd30","2023","Book","","Shangwen Wang
Ming Wen
Yepang Liu
Mingyang Geng
Bo Lin
Zhensu Sun
Li Li
Tegawendé F. Bissyandé
Xiaoguang Mao. 2023
Natural Language","10.1145/3611643.3616323","","A longstanding dream in software engineering research is to devise effective approaches for automating development tasks based on developers' informally-specified intentions. Such intentions are generally in the form of natural language descriptions. In recent literature, a number of approaches have been proposed to automate tasks such as code search and even code generation based on natural language inputs. While these approaches vary in terms of technical designs, their objective is the same: transforming a developer's intention into source code. The literature, however, lacks a comprehensive understanding towards the effectiveness of existing techniques as well as their complementarity to each other. We propose to fill this gap through a large-scale empirical study where we systematically evaluate natural language to code techniques. Specifically, we consider six state-of-the-art techniques targeting code search, and four targeting code generation. Through extensive evaluations on a dataset of 22K+ natural language queries, our study reveals the following major findings: (1) code search techniques based on model pre-training are so far the most effective while code generation techniques can also provide promising results; (2) complementarity widely exists among the existing techniques; and (3) combining the ten techniques together can enhance the performance for 35% compared with the most effective standalone technique. Finally, we propose a post-processing strategy to automatically integrate different techniques based on their generated code. Experimental results show that our devised strategy is both effective and extensible.","This study systematically evaluates natural language to code techniques targeting code search, and proposes a post-processing strategy to automatically integrate different techniques based on their generated code that is both effective and extensible."
"SWE-Bench+: Enhanced Coding Benchmark for LLMs","https://scispace.com/paper/swe-bench-enhanced-coding-benchmark-for-llms-3hjwupfyu5cr","2024","Journal Article","","Reem Aleithan
Huayuan Xue
Mohammad Mahdi Mohajer
Elijah Nnorom
Gias Uddin
Song Wang","10.48550/arxiv.2410.06992","","Large Language Models (LLMs) in Software Engineering (SE) can offer assistance for coding. To facilitate a rigorous evaluation of LLMs in practical coding contexts, Carlos et al. introduced the SWE-bench dataset, which comprises 2,294 real-world GitHub issues and their corresponding pull requests, collected from 12 widely used Python repositories. Several impressive LLM-based toolkits recently are developed and evaluated on this dataset. However, a systematic evaluation of the quality of SWE-bench remains missing. In this paper, we addressed this gap by presenting an empirical analysis of the SWE-bench dataset. We conducted a manual screening of instances where SWEAgent + GPT-4 successfully resolved issues by comparing the model-generated patches with the actual pull requests. SWE-Agent+GPT-4 was at the top of SWE-bench leaderboard during the time of our study. Our analysis reveals some critical issues with the SWE-bench dataset: 1) 32.67% of the successful patches involve cheating as the solutions were directly provided in the issue report or the comments. We refer to as solution leakage problem. 2) 31.08% of the passed patches are suspicious patches due to weak test cases, i.e., the tests were not adequate to verify the correctness of a patch. When we filtered out these problematic issues, the resolution rate of SWE-Agent+GPT-4 dropped from 12.47% to 3.97%. We also observed that the same data quality issues also exist in the two variants of SWE-bench, i.e., SWE-bench Lite and SWE-Bench Verified. In addition, over 94% of the issues were created before LLM's knowledge cutoff dates, posing potential data leakage issues. ","This study critiques the SWE-bench dataset, a benchmark for evaluating Large Language Models in software engineering, revealing issues such as solution leakage (32.67%) and weak test cases (31.08%), significantly impacting model performance and accuracy."
"PLSemanticsBench: Large Language Models As Programming Language Interpreters","https://scispace.com/paper/plsemanticsbench-large-language-models-as-programming-capaqcr79w7p","2025","Journal Article","","Zhang, Jiyang
Srinivasa, Jayanth
Li, Junyi Jessy
Gligoric, Milos","10.48550/arxiv.2510.03415","","As large language models (LLMs) excel at code reasoning, a natural question arises: can an LLM execute programs (i.e., act as an interpreter) purely based on a programming language's formal semantics? If so, it will enable rapid prototyping of new programming languages and language features. We study this question using the imperative language IMP (a subset of C), formalized via small-step operational semantics (SOS) and rewriting-based operational semantics (K-semantics). We introduce three evaluation sets-Human-Written, LLM-Translated, and Fuzzer- Generated-whose difficulty is controlled by code-complexity metrics spanning the size, control-flow, and data-flow axes. Given a program and its semantics formalized with SOS/K-semantics, models are evaluated on three tasks ranging from coarse to fine: (1) final-state prediction, (2) semantic rule prediction, and (3) execution trace prediction. To distinguish pretraining memorization from semantic competence, we define two nonstandard semantics obtained through systematic mutations of the standard rules. Across strong code/reasoning LLMs, performance drops under nonstandard semantics despite high performance under the standard one. We further find that (i) there are patterns to different model failures, (ii) most reasoning models perform exceptionally well on coarse grained tasks involving reasoning about highly complex programs often containing nested loop depths beyond five, and surprisingly, (iii) providing formal semantics helps on simple programs but often hurts on more complex ones. Overall, the results show a promise that LLMs could serve as programming language interpreters, but points to the lack of their robust semantics understanding. We release the benchmark and the supporting code at https://github.com/EngineeringSoftware/PLSemanticsBench. ",""
"Why Stop at One Error? Benchmarking LLMs as Data Science Code Debuggers for Multi-Hop and Multi-Bug Errors","https://scispace.com/paper/why-stop-at-one-error-benchmarking-llms-as-data-science-code-riu50x3myqhk","2025","Journal Article","arXiv.org","Zhiyu Yang
Shuo Wang
Yukun Yan
Yang Deng","10.48550/arxiv.2503.22388","","LLMs are transforming software development, yet current code generation and code repair benchmarks mainly assess syntactic and functional correctness in simple, single-error cases. LLMs'capabilities to autonomously find and fix runtime logical errors in complex data science code remain largely unexplored. To address this gap, we introduce DSDBench: the Data Science Debugging Benchmark, the first benchmark for systematic evaluation of LLMs on multi-hop error tracing and multi-bug detection in data science code debugging. DSDBench adapts datasets from existing data science task benchmarks, such as DABench and MatPlotBench, featuring realistic data science debugging tasks with automatically synthesized multi-hop, multi-bug code snippets. DSDBench includes 1,117 annotated samples with 741 cause-effect error pairs and runtime error messages. Evaluations of state-of-the-art LLMs on DSDBench show significant performance gaps, highlighting challenges in debugging logical runtime errors in data science code. DSDBench offers a crucial resource to evaluate and improve LLMs'debugging and reasoning capabilities, enabling more reliable AI-assisted data science in the future. DSDBench is publicly available at github.com/KevinCL16/DSDBench.","This study introduces DSDBench, a benchmark for evaluating LLMs' debugging capabilities on multi-hop and multi-bug errors in data science code, revealing significant performance gaps and highlighting the need for improved LLMs' reasoning and debugging capabilities."